Cation,anion,compound,surface,Potential,TPSA_cat,Bertz_cat,N_HD_cat,γ_s,Rq,r_cat,N_HA_cat,N_rot_cat,σ_s,x_IL,I_H2O,I_ss,TPSA_an,BalJ_cat,θ_s,MW_an,MW_cat,r_an,T,N_qN_cat,Bertz_an,velocity,logP_cat,logP_an,BalJ_an,μ,friction_bin,cation_bin,stratify_label,original_index,friction_pred,friction_diff,error_flag
[EtA]+,[N]-,zero,mica,0.0,47.87,8.0,2,-0.16,0.0569,2.543129445,1,1,1.77,100.0,0,0,66.2,1.974744871,0.0,62.004,62.092,2.192174955,298,1,26.26466251,20.0,-1.7794,-0.2391,2.803039488,0.670886076,6.0,62.092,6_62.092,0.0,0.670886099729592,2.3729591958066013e-08,
"[P6,6,6,14]+",[AOT]-,zero,stainless steel,0.24,0.0,319.1282666,0,0.01,0.9,5.174799948,0,28,0.07,100.0,0,1,109.8,4.337445108,72.0,421.576,483.87,4.637037402,298,0,544.7574562,6.0,12.446,3.8095,4.726289834,0.23,4.0,483.87,4_483.87,1.0,0.2300000038947693,3.894769340373472e-09,
"[P6,6,6,14]+",[BScB]-,DEGDBE,titanium,0.0,0.0,319.1282666,0,0.005,61.15,5.174799948,0,28,0.5,0.0143,0,0,71.06,4.337445108,60.0,283.024,483.87,3.79978343,298,0,706.0644789,20.0,12.446,1.9208,1.781315888,0.1,2.0,483.87,2_483.87,2.0,0.1050000003981984,0.0050000003981984,
[Li(G4)]+,[TFSI]-,zero,Au(111),-1.0,46.15,103.3825112,0,-0.02,1.0,3.859895249,5,12,0.7,100.0,0,0,82.38,0.0,60.0,280.147,229.222,3.359227186,298,0,384.7328028,6.0,-2.667,1.0593,5.284512596,0.059,1.0,229.222,1_229.222,3.0,0.0589999997029607,2.970392820600409e-10,
[PA]+,[F]-,zero,mica,0.0,27.64,5.245112498,1,-0.16,0.0569,2.642365161,0,1,1.77,100.0,0,0,40.13,1.974744871,0.0,45.017,60.12,2.091441062,298,1,10.26466251,30.0,-0.3617,-1.6339,2.187496097,1.017721519,7.0,60.12,7_60.12,4.0,1.0177215317771675,1.2777167768263098e-08,
"[P6,6,6,14]+",[BMB]-,PC,Au(111),0.25,0.0,319.1282666,0,-0.02,0.835,5.174799948,0,28,0.7,3.1,0,0,71.06,4.337445108,60.0,311.078,483.87,3.97427778,298,0,682.1804819,6.0,12.446,2.0514,1.591434542,0.1314,3.0,483.87,3_483.87,5.0,0.1314000047623754,4.762375466205171e-09,
"[P6,6,6,14]+",[(iC8)2PO2]-,hexadecane,Au(111),0.1,0.0,319.1282666,0,-0.02,1.0,5.174799948,0,28,0.7,100.0,0,0,40.13,4.337445108,60.0,289.42,483.87,4.246635376,298,0,281.6910727,6.5,12.446,4.7694,4.359263597,0.478,6.0,483.87,6_483.87,6.0,0.477999985831257,1.4168742956677253e-08,
"[P6,6,6,14]+",[AOT]-,(CH2CO2Et)2,stainless steel,-0.76,0.0,319.1282666,0,0.01,0.9,5.174799948,0,28,0.07,1.002,0,1,109.8,4.337445108,72.0,421.576,483.87,4.637037402,298,0,544.7574562,6.0,12.446,3.8095,4.726289834,0.57,6.0,483.87,6_483.87,7.0,0.569999992704453,7.2955469443414245e-09,
[EA]+,[F]-,zero,mica,0.0,27.64,2.754887502,1,-0.16,0.0569,2.431285504,0,0,1.77,100.0,0,0,40.13,1.632993162,0.0,45.017,46.093,2.091441062,298,1,10.26466251,10.0,-0.7518,-1.6339,2.187496097,1.083544304,7.0,46.093,7_46.093,8.0,1.0835442560368844,4.796311547927701e-08,
"[P6,6,6,14]+",[(iC8)2PO2]-,hexadecane,Au(111),-1.0,0.0,319.1282666,0,-0.02,1.0,5.174799948,0,28,0.7,10.0,0,0,40.13,4.337445108,60.0,289.42,483.87,4.246635376,298,0,281.6910727,6.5,12.446,4.7694,4.359263597,0.079,2.0,483.87,2_483.87,9.0,0.0790000015695742,1.5695742067167724e-09,
[EMIM] +,[FAP]-,zero,Au(111),1.0,8.81,166.7913934,0,-0.02,0.2,3.045073482,1,1,0.7,100.0,0,0,0.0,2.837541431,60.0,445.004,111.168,3.775688868,293,0,468.4882895,12.0,0.3325,7.1942,7.871070033,0.35,5.0,111.168,5_111.168,10.0,0.3499999910981518,8.901848147502278e-09,
[PA]+,[F]-,zero,mica,0.0,27.64,5.245112498,1,-0.16,0.0569,2.642365161,0,1,1.77,100.0,0,0,40.13,1.974744871,0.0,45.017,60.12,2.091441062,298,1,10.26466251,10.0,-0.3617,-1.6339,2.187496097,0.97721519,7.0,60.12,7_60.12,11.0,0.9772151692045464,2.079545347033473e-08,
[EA]+,[F]-,zero,mica,0.0,27.64,2.754887502,1,-0.16,0.0569,2.431285504,0,0,1.77,100.0,0,0,40.13,1.632993162,0.0,45.017,46.093,2.091441062,298,1,10.26466251,5.0,-0.7518,-1.6339,2.187496097,0.929113924,7.0,46.093,7_46.093,12.0,0.9291139232828386,7.171614413437053e-10,
[EMIM] +,[FAP]-,zero,Au(111),-1.0,8.81,166.7913934,0,-0.02,0.2,3.045073482,1,1,0.7,100.0,0,0,0.0,2.837541431,60.0,445.004,111.168,3.775688868,293,0,468.4882895,2.0,0.3325,7.1942,7.871070033,0.16,3.0,111.168,3_111.168,13.0,0.1599999996221766,3.7782332817926085e-10,
[EMIM] +,[FAP]-,zero,Au(111),-0.5,8.81,166.7913934,0,-0.02,0.2,3.045073482,1,1,0.7,100.0,0,0,0.0,2.837541431,60.0,445.004,111.168,3.775688868,293,0,468.4882895,6.0,0.3325,7.1942,7.871070033,0.22,3.0,111.168,3_111.168,14.0,0.2199999995742078,4.2579215153715206e-10,
[BMIm]+,[AOT]-,H2O,Au(111),-1.0,8.81,190.8925906,0,-0.02,0.2,3.310978931,1,3,0.7,16.5,1,0,109.8,2.422977778,60.0,421.576,139.222,4.637037402,298,0,544.7574562,6.0,1.1127,3.8095,4.726289834,0.312,4.0,139.222,4_139.222,15.0,0.3120000059119558,5.911955813786561e-09,
[EMIM] +,[FAP]-,zero,Au(111),0.5,8.81,166.7913934,0,-0.02,0.2,3.045073482,1,1,0.7,100.0,0,0,0.0,2.837541431,60.0,445.004,111.168,3.775688868,293,0,468.4882895,2.0,0.3325,7.1942,7.871070033,0.28,4.0,111.168,4_111.168,16.0,0.2800000013994067,1.399406646118706e-09,
[BMIm]+,[I]-,zero,Au(111),-0.5,8.81,190.8925906,0,-0.02,0.2,3.310978931,1,3,0.7,100.0,0,0,0.0,2.422977778,60.0,126.904,139.222,2.113761051,293,0,0.0,2.0,1.1127,-2.996,0.0,0.2,3.0,139.222,3_139.222,17.0,0.2000000037645085,3.764508482717588e-09,
"[P6,6,6,14]+",[TFSI]-,[P66614][Doc],stainless steel,-4.0,0.0,319.1282666,0,0.01,320.0,5.174799948,0,28,0.07,82.6,0,1,82.38,4.337445108,72.0,280.147,483.87,3.359227186,298,0,384.7328028,13.0,12.446,1.0593,5.284512596,0.00102,0.0,483.87,0_483.87,18.0,0.001020000376833,3.7683303005797687e-10,
[PA]+,[F]-,zero,mica,0.0,27.64,5.245112498,1,-0.16,0.0569,2.642365161,0,1,1.77,100.0,0,0,40.13,1.974744871,0.0,45.017,60.12,2.091441062,298,1,10.26466251,20.0,-0.3617,-1.6339,2.187496097,0.964556962,7.0,60.12,7_60.12,19.0,0.9645569348052088,2.7194791196727408e-08,
"[P6,6,6,14]+",[TFSI]-,[P66614][Doc],stainless steel,-4.0,0.0,319.1282666,0,0.01,320.0,5.174799948,0,28,0.07,82.6,0,1,82.38,4.337445108,72.0,280.147,483.87,3.359227186,298,0,384.7328028,130.0,12.446,1.0593,5.284512596,0.000288,0.0,483.87,0_483.87,20.0,0.0002880009665358,9.665358063058215e-10,
[PA]+,[N]-,zero,mica,0.0,27.64,5.245112498,1,-0.16,0.0569,2.642365161,0,1,1.77,100.0,0,0,66.2,1.974744871,0.0,62.004,60.12,2.192174955,298,1,26.26466251,10.0,-0.3617,-0.2391,2.803039488,0.997468354,7.0,60.12,7_60.12,21.0,0.9974683559847424,1.984742259431016e-09,
"[P6,6,6,14]+",[AOT]-,[P66614][BTA],stainless steel,0.0,0.0,319.1282666,0,0.01,320.0,5.174799948,0,28,0.07,17.4,0,1,109.8,4.337445108,72.0,421.576,483.87,4.637037402,298,0,544.7574562,130.0,12.446,3.8095,4.726289834,0.03155,1.0,483.87,1_483.87,22.0,0.0315500013833328,1.3833328579848647e-09,
[EMIM] +,[FAP]-,zero,Au(111),-1.0,8.81,166.7913934,0,-0.02,0.2,3.045073482,1,1,0.7,100.0,0,0,0.0,2.837541431,60.0,445.004,111.168,3.775688868,293,0,468.4882895,20.0,0.3325,7.1942,7.871070033,0.2,3.0,111.168,3_111.168,23.0,0.2000000050618557,5.061855740118304e-09,
"[P6,6,6,14]+",[BMB]-,PC,Au(111),-1.0,0.0,319.1282666,0,-0.02,0.835,5.174799948,0,28,0.7,3.1,0,0,71.06,4.337445108,60.0,311.078,483.87,3.97427778,298,0,682.1804819,6.0,12.446,2.0514,1.591434542,0.0881,2.0,483.87,2_483.87,24.0,0.0881000030277759,3.0277759327512754e-09,
[EMIM] +,[FAP]-,zero,Au(111),0.0,8.81,166.7913934,0,-0.02,0.2,3.045073482,1,1,0.7,100.0,0,0,0.0,2.837541431,60.0,445.004,111.168,3.775688868,293,0,468.4882895,20.0,0.3325,7.1942,7.871070033,0.34,5.0,111.168,5_111.168,25.0,0.3400000040577132,4.057713220984027e-09,
"[P6,6,6,14]+",[(iC8)2PO2]-,hexadecane,silica,0.0,0.0,319.1282666,0,-0.07,0.5,5.174799948,0,28,0.2,2.0,0,0,40.13,4.337445108,20.7,289.42,483.87,4.246635376,298,0,281.6910727,6.0,12.446,4.7694,4.359263597,0.37,5.0,483.87,5_483.87,26.0,0.3700000046314323,4.631432293233928e-09,
[EMIM] +,[FAP]-,zero,Au(111),-0.5,8.81,166.7913934,0,-0.02,0.2,3.045073482,1,1,0.7,100.0,0,0,0.0,2.837541431,60.0,445.004,111.168,3.775688868,293,0,468.4882895,2.0,0.3325,7.1942,7.871070033,0.2,3.0,111.168,3_111.168,27.0,0.1999999990005288,9.99471144735864e-10,
[EA]+,[N]-,zero,mica,0.0,27.64,2.754887502,1,-0.16,0.0569,2.431285504,0,0,1.77,100.0,0,0,66.2,1.632993162,0.0,62.004,46.093,2.192174955,298,1,26.26466251,20.0,-0.7518,-0.2391,2.803039488,0.281,4.0,46.093,4_46.093,28.0,0.1905093647704287,0.0904906352295713,
[EMIM] +,[FAP]-,zero,Au(111),0.5,8.81,166.7913934,0,-0.02,0.2,3.045073482,1,1,0.7,100.0,0,0,0.0,2.837541431,60.0,445.004,111.168,3.775688868,293,0,468.4882895,12.0,0.3325,7.1942,7.871070033,0.3,4.0,111.168,4_111.168,29.0,0.3000000167384036,1.673840360760792e-08,
[BMIm]+,[TFSI]-,zero,Au(111),-1.0,8.81,190.8925906,0,-0.02,1.0,3.310978931,1,3,0.7,100.0,0,0,82.38,2.422977778,60.0,280.147,139.222,3.359227186,298,0,384.7328028,6.0,1.1127,1.0593,5.284512596,0.006,0.0,139.222,0_139.222,30.0,0.0059999971699171,2.830082885055263e-09,
"[P6,6,6,14]+",[BMB]-,PC,Au(111),0.0,0.0,319.1282666,0,-0.02,0.835,5.174799948,0,28,0.7,0.0,0,0,71.06,4.337445108,60.0,311.078,483.87,3.97427778,298,0,682.1804819,6.0,12.446,2.0514,1.591434542,0.14,3.0,483.87,3_483.87,31.0,0.1400000001674743,1.6747436770714328e-10,
"[P6,6,6,14]+",[(iC8)2PO2]-,hexadecane,Au(111),-0.15,0.0,319.1282666,0,-0.02,1.0,5.174799948,0,28,0.7,10.0,0,0,40.13,4.337445108,60.0,289.42,483.87,4.246635376,298,0,281.6910727,6.5,12.446,4.7694,4.359263597,0.314,5.0,483.87,5_483.87,32.0,0.3140000137436808,1.3743680804534364e-08,
[HMIM]+,[FAP]-,zero,Au(111),0.0,8.81,215.3680851,0,-0.02,0.2,3.540263249,1,5,0.7,100.0,0,0,0.0,2.153242802,60.0,445.004,167.276,3.775688868,293,0,468.4882895,2.0,1.8929,7.1942,7.871070033,0.28,4.0,167.276,4_167.276,33.0,0.2800000024251522,2.425152190177471e-09,
"[P6,6,6,14]+",[BMB]-,PC,Au(111),-0.12,0.0,319.1282666,0,-0.02,0.835,5.174799948,0,28,0.7,3.1,0,0,71.06,4.337445108,60.0,311.078,483.87,3.97427778,298,0,682.1804819,12.0,12.446,2.0514,1.591434542,0.1096,2.0,483.87,2_483.87,34.0,0.1096000017917411,1.7917411720969052e-09,
[Li(G4)]+,[N]-,zero,Au(111),-0.5,46.15,103.3825112,0,-0.02,1.0,3.859895249,5,12,0.7,100.0,0,0,66.2,0.0,60.0,62.004,229.222,2.192174955,298,0,26.26466251,6.0,-2.667,-0.2391,2.803039488,0.12,2.0,229.222,2_229.222,35.0,0.1199999954964121,4.503587835991141e-09,
[BMIm]+,[I]-,zero,Au(111),-1.0,8.81,190.8925906,0,-0.02,0.2,3.310978931,1,3,0.7,100.0,0,0,0.0,2.422977778,60.0,126.904,139.222,2.113761051,293,0,0.0,2.0,1.1127,-2.996,0.0,0.24,4.0,139.222,4_139.222,36.0,0.2399999942135593,5.786440659960591e-09,
"[P6,6,6,14]+",[TFSI]-,[P66614][Doc],stainless steel,0.0,0.0,319.1282666,0,0.01,320.0,5.174799948,0,28,0.07,82.6,0,1,82.38,4.337445108,72.0,280.147,483.87,3.359227186,298,0,384.7328028,130.0,12.446,1.0593,5.284512596,0.03155,1.0,483.87,1_483.87,37.0,0.0315500012444213,1.2444213645657063e-09,
"[P6,6,6,14]+",[BMB]-,PC,Au(111),0.25,0.0,319.1282666,0,-0.02,0.835,5.174799948,0,28,0.7,0.67,0,0,71.06,4.337445108,60.0,311.078,483.87,3.97427778,298,0,682.1804819,12.0,12.446,2.0514,1.591434542,0.1162,2.0,483.87,2_483.87,38.0,0.1161999999835374,1.64625257870199e-11,
[EMIM] +,[FAP]-,zero,Au(111),1.0,8.81,166.7913934,0,-0.02,0.2,3.045073482,1,1,0.7,100.0,0,0,0.0,2.837541431,60.0,445.004,111.168,3.775688868,293,0,468.4882895,6.0,0.3325,7.1942,7.871070033,0.35,5.0,111.168,5_111.168,39.0,0.3499999982039523,1.796047699453851e-09,
"[P6,6,6,14]+",[(iC8)2PO2]-,hexadecane,Au(111),-1.0,0.0,319.1282666,0,-0.02,1.0,5.174799948,0,28,0.7,100.0,0,0,40.13,4.337445108,60.0,289.42,483.87,4.246635376,298,0,281.6910727,6.5,12.446,4.7694,4.359263597,0.015,0.0,483.87,0_483.87,40.0,0.0150000011763046,1.1763046786628095e-09,
[BMIm]+,[TFSI]-,PIL,Au(111),0.0,8.81,190.8925906,0,-0.02,1.0,3.310978931,1,3,0.7,95.0,0,0,82.38,2.422977778,60.0,280.147,139.222,3.359227186,298,0,384.7328028,6.0,1.1127,1.0593,5.284512596,0.634,6.0,139.222,6_139.222,41.0,0.6339999990816545,9.183455107475423e-10,
[EA]+,[N]-,zero,mica,0.0,27.64,2.754887502,1,-0.16,0.0569,2.431285504,0,0,1.77,100.0,0,0,66.2,1.632993162,0.0,62.004,46.093,2.192174955,298,1,26.26466251,20.0,-0.7518,-0.2391,2.803039488,0.100018741,2.0,46.093,2_46.093,42.0,0.1905093647704287,0.0904906237704287,
[BMIm]+,[AOT]-,H2O,Au(111),0.0,8.81,190.8925906,0,-0.02,0.2,3.310978931,1,3,0.7,16.5,1,0,109.8,2.422977778,60.0,421.576,139.222,4.637037402,298,0,544.7574562,6.0,1.1127,3.8095,4.726289834,0.524,6.0,139.222,6_139.222,43.0,0.5239999900364886,9.963511460320262e-09,
[HMIM]+,[FAP]-,zero,Au(111),1.5,8.81,215.3680851,0,-0.02,0.2,3.540263249,1,5,0.7,100.0,0,0,0.0,2.153242802,60.0,445.004,167.276,3.775688868,293,0,468.4882895,2.0,1.8929,7.1942,7.871070033,0.41,5.0,167.276,5_167.276,44.0,0.4099999954263266,4.573673328955863e-09,
[DMEA]+,[F]-,zero,mica,0.0,4.44,17.60964047,1,-0.16,0.0569,2.824148313,0,1,1.77,100.0,0,0,40.13,2.539538861,0.0,45.017,74.147,2.091441062,298,1,10.26466251,5.0,-0.8492,-1.6339,2.187496097,0.508860759,6.0,74.147,6_74.147,45.0,0.5088607669977052,7.997705164797253e-09,
[BMIm]+,[AOT]-,H2O,Au(111),-0.5,8.81,190.8925906,0,-0.02,0.2,3.310978931,1,3,0.7,16.5,1,0,109.8,2.422977778,60.0,421.576,139.222,4.637037402,298,0,544.7574562,6.0,1.1127,3.8095,4.726289834,0.312,4.0,139.222,4_139.222,46.0,0.3120000064523461,6.4523461018595185e-09,
[BMIm]+,[TFSI]-,PIL,Au(111),1.0,8.81,190.8925906,0,-0.02,1.0,3.310978931,1,3,0.7,95.0,0,0,82.38,2.422977778,60.0,280.147,139.222,3.359227186,298,0,384.7328028,6.0,1.1127,1.0593,5.284512596,0.184,3.0,139.222,3_139.222,47.0,0.1840000022840654,2.28406546454174e-09,
"[P6,6,6,14]+",[(iC8)2PO2]-,hexadecane,Au(111),1.0,0.0,319.1282666,0,-0.02,1.0,5.174799948,0,28,0.7,10.0,0,0,40.13,4.337445108,60.0,289.42,483.87,4.246635376,298,0,281.6910727,6.5,12.446,4.7694,4.359263597,0.763,6.0,483.87,6_483.87,48.0,0.7630000100967214,1.0096721347885308e-08,
[EMIM] +,[FAP]-,zero,Au(111),1.0,8.81,166.7913934,0,-0.02,0.2,3.045073482,1,1,0.7,100.0,0,0,0.0,2.837541431,60.0,445.004,111.168,3.775688868,293,0,468.4882895,20.0,0.3325,7.1942,7.871070033,0.36,5.0,111.168,5_111.168,49.0,0.3600000162171086,1.6217108655958157e-08,
"[Py1,4]+",[FAP]-,zero,Au(111),-2.0,0.0,92.90138861,0,-0.02,1.0,3.423597497,0,3,0.7,100.0,0,0,0.0,2.21874475,60.0,445.004,142.266,3.775688868,298,1,468.4882895,6.0,2.0269,7.1942,7.871070033,0.19,3.0,142.266,3_142.266,50.0,0.18999999812052,1.8794800160648606e-09,
[EtA]+,[N]-,zero,mica,0.0,47.87,8.0,2,-0.16,0.0569,2.543129445,1,1,1.77,100.0,0,0,66.2,1.974744871,0.0,62.004,62.092,2.192174955,298,1,26.26466251,30.0,-1.7794,-0.2391,2.803039488,0.77721519,6.0,62.092,6_62.092,51.0,0.7772151826428433,7.357156661669251e-09,
"[P6,6,6,14]+",[AOT]-,[P66614][BTA],stainless steel,-4.0,0.0,319.1282666,0,0.01,320.0,5.174799948,0,28,0.07,17.4,0,1,109.8,4.337445108,72.0,421.576,483.87,4.637037402,298,0,544.7574562,13.0,12.446,3.8095,4.726289834,0.00102,0.0,483.87,0_483.87,52.0,0.0010199994007014,5.992985344094315e-10,
"[P6,6,6,14]+",[(iC8)2PO2]-,hexadecane,Au(111),0.15,0.0,319.1282666,0,-0.02,1.0,5.174799948,0,28,0.7,1.0,0,0,40.13,4.337445108,60.0,289.42,483.87,4.246635376,298,0,281.6910727,6.5,12.446,4.7694,4.359263597,0.395,5.0,483.87,5_483.87,53.0,0.3950000108293618,1.0829361851705244e-08,
"[P6,6,6,14]+",[AOT]-,(CH2CO2Et)2,stainless steel,1.24,0.0,319.1282666,0,0.01,0.9,5.174799948,0,28,0.07,1.002,0,1,109.8,4.337445108,72.0,421.576,483.87,4.637037402,298,0,544.7574562,6.0,12.446,3.8095,4.726289834,0.36,5.0,483.87,5_483.87,54.0,0.3600000136461093,1.3646109298104392e-08,
[EA]+,[N]-,zero,polytetrafluoroethylene PTFE,0.0,27.64,2.754887502,1,-5e-05,7.0,2.431285504,0,0,0.019,100.0,0,0,66.2,1.632993162,110.0,62.004,46.093,2.192174955,298,1,26.26466251,20.0,-0.7518,-0.2391,2.803039488,0.130645161,3.0,46.093,3_46.093,55.0,0.1306451556724779,5.327522090148307e-09,
"[P6,6,6,14]+",[AOT]-,hexadecane,stainless steel,0.0,0.0,319.1282666,0,0.01,0.9,5.174799948,0,28,0.07,0.0,0,1,109.8,4.337445108,72.0,421.576,483.87,4.637037402,298,0,544.7574562,6.0,12.446,3.8095,4.726289834,0.95,7.0,483.87,7_483.87,56.0,0.9650000035540336,0.0150000035540336,
[BMIm]+,[FAP]-,zero,Au(111),1.0,8.81,190.8925906,0,-0.02,0.2,3.310978931,1,3,0.7,100.0,0,0,0.0,2.422977778,60.0,445.004,139.222,3.775688868,293,0,468.4882895,2.0,1.1127,7.1942,7.871070033,0.38,5.0,139.222,5_139.222,57.0,0.3799999944763876,5.523612400804012e-09,
[PA]+,[N]-,zero,mica,0.0,27.64,5.245112498,1,-0.16,0.0569,2.642365161,0,1,1.77,100.0,0,0,66.2,1.974744871,0.0,62.004,60.12,2.192174955,298,1,26.26466251,40.0,-0.3617,-0.2391,2.803039488,1.1,7.0,60.12,7_60.12,58.0,1.1000000232456206,2.3245620539569245e-08,
[HMIM]+,[FAP]-,zero,HOPG,-1.5,8.81,215.3680851,0,-0.0002,0.89,3.540263249,1,5,0.05,100.0,0,0,0.0,2.153242802,85.0,445.004,167.276,3.775688868,298,0,468.4882895,6.0,1.8929,7.1942,7.871070033,0.0217,1.0,167.276,1_167.276,59.0,0.0217000000762686,7.626859907516881e-11,
[Li(G4)]+,[TFSI]-,zero,Au(111),-0.5,46.15,103.3825112,0,-0.02,1.0,3.859895249,5,12,0.7,100.0,0,0,82.38,0.0,60.0,280.147,229.222,3.359227186,298,0,384.7328028,6.0,-2.667,1.0593,5.284512596,0.12,2.0,229.222,2_229.222,60.0,0.1199999995085139,4.914860740612426e-10,
[BMIm]+,[TFSI]-,PIL,Au(111),-1.0,8.81,190.8925906,0,-0.02,1.0,3.310978931,1,3,0.7,95.0,0,0,82.38,2.422977778,60.0,280.147,139.222,3.359227186,298,0,384.7328028,6.0,1.1127,1.0593,5.284512596,0.911,7.0,139.222,7_139.222,61.0,0.9110000157216634,1.57216634155688e-08,
[BMIm]+,[AOT]-,H2O,stainless steel,1.0,8.81,190.8925906,0,0.01,0.8,3.310978931,1,3,0.07,16.5,1,1,109.8,2.422977778,72.0,421.576,139.222,4.637037402,298,0,544.7574562,6.0,1.1127,3.8095,4.726289834,0.009,0.0,139.222,0_139.222,62.0,0.0089999998900573,1.0994265740860154e-10,
[EA]+,[N]-,zero,mica,0.0,27.64,2.754887502,1,-0.16,0.0569,2.431285504,0,0,1.77,100.0,0,0,66.2,1.632993162,0.0,62.004,46.093,2.192174955,369,1,26.26466251,30.0,-0.7518,-0.2391,2.803039488,0.352,5.0,46.093,5_46.093,63.0,0.3519999987362549,1.2637450530483814e-09,
"[P6,6,6,14]+",[AOT]-,[P66614][BTA],stainless steel,-4.0,0.0,319.1282666,0,0.01,320.0,5.174799948,0,28,0.07,17.4,0,1,109.8,4.337445108,72.0,421.576,483.87,4.637037402,298,0,544.7574562,130.0,12.446,3.8095,4.726289834,0.000288,0.0,483.87,0_483.87,64.0,0.0002879991803595,8.196404561468772e-10,
"[P6,6,6,14]+",[BMB]-,PC,Au(111),-1.0,0.0,319.1282666,0,-0.02,0.835,5.174799948,0,28,0.7,3.1,0,0,71.06,4.337445108,60.0,311.078,483.87,3.97427778,298,0,682.1804819,1.0,12.446,2.0514,1.591434542,0.0944,2.0,483.87,2_483.87,65.0,0.0944000022536481,2.2536481431023603e-09,
[PA]+,[N]-,zero,silica,0.0,27.64,5.245112498,1,-0.07,0.5,2.642365161,0,1,0.2,100.0,0,0,66.2,1.974744871,20.7,62.004,60.12,2.192174955,298,1,26.26466251,10.0,-0.3617,-0.2391,2.803039488,1.02,7.0,60.12,7_60.12,66.0,1.0199999798637704,2.0136229572642605e-08,
[HMIM]+,[TFSI]-,zero,silica,0.0,8.81,215.3680851,0,-0.07,6.03,3.540263249,1,5,0.2,100.0,0,0,82.38,2.153242802,20.7,280.147,167.276,3.359227186,298,0,384.7328028,5.0,1.8929,1.0593,5.284512596,0.036,1.0,167.276,1_167.276,67.0,0.0359999989119205,1.0880794251710846e-09,
[BMIm]+,[FAP]-,zero,Au(111),0.0,8.81,190.8925906,0,-0.02,0.2,3.310978931,1,3,0.7,100.0,0,0,0.0,2.422977778,60.0,445.004,139.222,3.775688868,293,0,468.4882895,2.0,1.1127,7.1942,7.871070033,0.29,4.0,139.222,4_139.222,68.0,0.2899999873194218,1.2680578198587256e-08,
[Li(G4)]+,[TFSI]-,zero,HOPG,0.0,46.15,103.3825112,0,-0.0002,0.89,3.859895249,5,12,0.05,100.0,0,0,82.38,0.0,85.0,280.147,229.222,3.359227186,298,0,384.7328028,6.0,-2.667,1.0593,5.284512596,0.017,0.0,229.222,0_229.222,69.0,0.0170000025629262,2.562926218474537e-09,
[DMEA]+,[F]-,zero,mica,0.0,4.44,17.60964047,1,-0.16,0.0569,2.824148313,0,1,1.77,100.0,0,0,40.13,2.539538861,0.0,45.017,74.147,2.091441062,298,1,10.26466251,30.0,-0.8492,-1.6339,2.187496097,0.607594937,6.0,74.147,6_74.147,70.0,0.6075949080490692,2.8950930763826932e-08,
"[P6,6,6,14]+",[TFSI]-,zero,HOPG,1.0,0.0,319.1282666,0,-0.0002,0.89,5.174799948,0,28,0.05,100.0,0,0,82.38,4.337445108,85.0,280.147,483.87,3.359227186,298,0,384.7328028,6.0,12.446,1.0593,5.284512596,0.004,0.0,483.87,0_483.87,71.0,0.0040000005092675,5.092675760265395e-10,
"[P6,6,6,14]+",[DS]-,zero,stainless steel,0.0,0.0,319.1282666,0,0.01,0.9,5.174799948,0,28,0.07,100.0,0,1,66.43,4.337445108,72.0,265.395,483.87,3.990255029,298,0,249.2312434,6.0,12.446,3.3841,3.038016531,0.3,4.0,483.87,4_483.87,72.0,0.3000000123292428,1.2329242793374108e-08,
"[P6,6,6,14]+",[TFSI]-,[P66614][Doc],stainless steel,4.0,0.0,319.1282666,0,0.01,320.0,5.174799948,0,28,0.07,82.6,0,1,82.38,4.337445108,72.0,280.147,483.87,3.359227186,298,0,384.7328028,1.0,12.446,1.0593,5.284512596,0.0248,1.0,483.87,1_483.87,73.0,0.0248000003327537,3.3275370306395925e-10,
[HMIM]+,[TFSI]-,zero,silica,0.0,8.81,215.3680851,0,-0.07,4.85,3.540263249,1,5,0.2,100.0,0,0,82.38,2.153242802,20.7,280.147,167.276,3.359227186,298,0,384.7328028,1.0,1.8929,1.0593,5.284512596,0.066,2.0,167.276,2_167.276,74.0,0.0660000001332908,1.3329082282353966e-10,
"[P6,6,6,14]+",[AOT]-,[P66614][BTA],stainless steel,0.0,0.0,319.1282666,0,0.01,320.0,5.174799948,0,28,0.07,17.4,0,1,109.8,4.337445108,72.0,421.576,483.87,4.637037402,298,0,544.7574562,13.0,12.446,3.8095,4.726289834,0.03868,1.0,483.87,1_483.87,75.0,0.0386799986400842,1.359915742515927e-09,
[HMIM]+,[FAP]-,zero,Au(111),1.0,8.81,215.3680851,0,-0.02,0.2,3.540263249,1,5,0.7,100.0,0,0,0.0,2.153242802,60.0,445.004,167.276,3.775688868,293,0,468.4882895,2.0,1.8929,7.1942,7.871070033,0.36,5.0,167.276,5_167.276,76.0,0.3600000162510309,1.6251030909852915e-08,
"[P6,6,6,14]+",[(iC8)2PO2]-,hexadecane,Au(111),-0.5,0.0,319.1282666,0,-0.02,1.0,5.174799948,0,28,0.7,5.0,0,0,40.13,4.337445108,60.0,289.42,483.87,4.246635376,298,0,281.6910727,6.5,12.446,4.7694,4.359263597,0.108,2.0,483.87,2_483.87,77.0,0.1080000033963771,3.3963771101097606e-09,
[EA]+,[N]-,zero,mica,0.0,27.64,2.754887502,1,-0.16,0.0569,2.431285504,0,0,1.77,100.0,0,0,66.2,1.632993162,0.0,62.004,46.093,2.192174955,339,1,26.26466251,30.0,-0.7518,-0.2391,2.803039488,0.369,5.0,46.093,5_46.093,78.0,0.3689999873982352,1.2601764742825594e-08,
[HMIM]+,[FAP]-,zero,HOPG,-1.0,8.81,215.3680851,0,-0.0002,0.89,3.540263249,1,5,0.05,100.0,0,0,0.0,2.153242802,85.0,445.004,167.276,3.775688868,298,0,468.4882895,6.0,1.8929,7.1942,7.871070033,0.0206,1.0,167.276,1_167.276,79.0,0.0206000012537281,1.2537281282587463e-09,
[HMIM]+,[FAP]-,zero,Au(111),-0.5,8.81,215.3680851,0,-0.02,0.2,3.540263249,1,5,0.7,100.0,0,0,0.0,2.153242802,60.0,445.004,167.276,3.775688868,293,0,468.4882895,2.0,1.8929,7.1942,7.871070033,0.2,3.0,167.276,3_167.276,80.0,0.2000000041730236,4.1730236211012794e-09,
"[P4,4,4,1 ]+",[TFSI]-,zero,HOPG,0.0,0.0,98.62953293,0,-0.0002,0.89,3.951373459,0,9,0.05,100.0,0,0,82.38,3.889782595,85.0,280.147,217.357,3.359227186,298,0,384.7328028,6.0,5.0341,1.0593,5.284512596,0.018,0.0,217.357,0_217.357,81.0,0.0179999988710161,1.128983889014945e-09,
"[P6,6,6,14]+",[(iC8)2PO2]-,hexadecane,Au(111),0.0,0.0,319.1282666,0,-0.02,1.0,5.174799948,0,28,0.7,0.0,0,0,40.13,4.337445108,60.0,289.42,483.87,4.246635376,298,0,281.6910727,6.5,12.446,4.7694,4.359263597,0.89,7.0,483.87,7_483.87,82.0,0.8899999855254803,1.4474519693941092e-08,
[HMIM]+,[TFSI]-,zero,silica,0.0,8.81,215.3680851,0,-0.07,0.2,3.540263249,1,5,0.2,100.0,0,0,82.38,2.153242802,20.7,280.147,167.276,3.359227186,298,0,384.7328028,1.0,1.8929,1.0593,5.284512596,0.036,1.0,167.276,1_167.276,83.0,0.0359999990653358,9.346642002028283e-10,
"[P6,6,6,14]+",[(iC8)2PO2]-,hexadecane,Au(111),-1.0,0.0,319.1282666,0,-0.02,1.0,5.174799948,0,28,0.7,1.0,0,0,40.13,4.337445108,60.0,289.42,483.87,4.246635376,298,0,281.6910727,6.5,12.446,4.7694,4.359263597,0.608,6.0,483.87,6_483.87,84.0,0.6079999812294357,1.8770564325087943e-08,
[PA]+,[N]-,zero,mica,0.0,27.64,5.245112498,1,-0.16,0.0569,2.642365161,0,1,1.77,100.0,0,0,66.2,1.974744871,0.0,62.004,60.12,2.192174955,298,1,26.26466251,30.0,-0.3617,-0.2391,2.803039488,1.113924051,7.0,60.12,7_60.12,85.0,1.113924029273631,2.1726368926167083e-08,
"[Py1,4]+",[FAP]-,zero,Au(111),-1.0,0.0,92.90138861,0,-0.02,1.0,3.423597497,0,3,0.7,100.0,0,0,0.0,2.21874475,60.0,445.004,142.266,3.775688868,298,1,468.4882895,6.0,2.0269,7.1942,7.871070033,0.2,3.0,142.266,3_142.266,86.0,0.2000000027692756,2.769275586622655e-09,
[PA]+,[F]-,zero,mica,0.0,27.64,5.245112498,1,-0.16,0.0569,2.642365161,0,1,1.77,100.0,0,0,40.13,1.974744871,0.0,45.017,60.12,2.091441062,298,1,10.26466251,40.0,-0.3617,-1.6339,2.187496097,1.1,7.0,60.12,7_60.12,87.0,1.100000024342218,2.4342217797013177e-08,
"[P6,6,6,14]+",[BMB]-,PC,Au(111),-1.0,0.0,319.1282666,0,-0.02,0.835,5.174799948,0,28,0.7,0.67,0,0,71.06,4.337445108,60.0,311.078,483.87,3.97427778,298,0,682.1804819,6.0,12.446,2.0514,1.591434542,0.0725,2.0,483.87,2_483.87,88.0,0.0724999953869764,4.613023504851377e-09,
[Li(G4)]+,[N]-,zero,Au(111),1.0,46.15,103.3825112,0,-0.02,1.0,3.859895249,5,12,0.7,100.0,0,0,66.2,0.0,60.0,62.004,229.222,2.192174955,298,0,26.26466251,6.0,-2.667,-0.2391,2.803039488,1.3,7.0,229.222,7_229.222,89.0,1.2999999531008513,4.689914878674985e-08,
[Li(G4)]+,[N]-,zero,Au(111),-1.0,46.15,103.3825112,0,-0.02,1.0,3.859895249,5,12,0.7,100.0,0,0,66.2,0.0,60.0,62.004,229.222,2.192174955,298,0,26.26466251,6.0,-2.667,-0.2391,2.803039488,0.048,1.0,229.222,1_229.222,90.0,0.0480000013265669,1.326566953507857e-09,
"[P6,6,6,14]+",[BOB]-,DEGDBE,titanium,0.0,0.0,319.1282666,0,0.005,61.15,5.174799948,0,28,0.5,0.0143,0,0,105.2,4.337445108,60.0,186.848,483.87,3.117880277,298,0,274.5434145,20.0,12.446,-2.378,2.267123915,0.14,3.0,483.87,3_483.87,91.0,0.1399999996885423,3.114576374585454e-10,
"[P6,6,6,14]+",[BScB]-,DEGDBE,titanium,0.0,0.0,319.1282666,0,0.005,61.15,5.174799948,0,28,0.5,0.0143,0,0,71.06,4.337445108,60.0,283.024,483.87,3.79978343,298,0,706.0644789,20.0,12.446,1.9208,1.781315888,0.11,2.0,483.87,2_483.87,92.0,0.1050000003981984,0.0049999996018015,
"[P6,6,6,14]+",[(iC8)2PO2]-,zero,HOPG,-1.0,0.0,319.1282666,0,-0.0002,0.89,5.174799948,0,28,0.05,100.0,0,0,40.13,4.337445108,85.0,289.42,483.87,4.246635376,298,0,281.6910727,6.0,12.446,4.7694,4.359263597,0.002,0.0,483.87,0_483.87,93.0,0.0019999998034697,1.9653023479448967e-10,
[BMIm]+,[AOT]-,H2O,Au(111),1.0,8.81,190.8925906,0,-0.02,0.2,3.310978931,1,3,0.7,16.5,1,0,109.8,2.422977778,60.0,421.576,139.222,4.637037402,298,0,544.7574562,6.0,1.1127,3.8095,4.726289834,0.431,5.0,139.222,5_139.222,94.0,0.4309999936699502,6.3300497621376905e-09,
[BMIm]+,[FAP]-,zero,Au(111),0.5,8.81,190.8925906,0,-0.02,0.2,3.310978931,1,3,0.7,100.0,0,0,0.0,2.422977778,60.0,445.004,139.222,3.775688868,293,0,468.4882895,2.0,1.1127,7.1942,7.871070033,0.3,4.0,139.222,4_139.222,95.0,0.3000000153621686,1.536216859276962e-08,
[EMIM] +,[FAP]-,zero,Au(111),0.0,8.81,166.7913934,0,-0.02,0.2,3.045073482,1,1,0.7,100.0,0,0,0.0,2.837541431,60.0,445.004,111.168,3.775688868,293,0,468.4882895,2.0,0.3325,7.1942,7.871070033,0.23,4.0,111.168,4_111.168,96.0,0.2300000087464963,8.746496332756593e-09,
[HMIM]+,[TFSI]-,zero,silica,0.0,8.81,215.3680851,0,-0.07,0.2,3.540263249,1,5,0.2,100.0,0,0,82.38,2.153242802,20.7,280.147,167.276,3.359227186,298,0,384.7328028,5.0,1.8929,1.0593,5.284512596,0.058,1.0,167.276,1_167.276,97.0,0.0579999973759215,2.6240784614661727e-09,
"[P6,6,6,14]+",[AOT]-,zero,stainless steel,-0.76,0.0,319.1282666,0,0.01,0.9,5.174799948,0,28,0.07,100.0,0,1,109.8,4.337445108,72.0,421.576,483.87,4.637037402,298,0,544.7574562,6.0,12.446,3.8095,4.726289834,0.37,5.0,483.87,5_483.87,98.0,0.3700000047767688,4.776768869341197e-09,
[DMEA]+,[F]-,zero,mica,0.0,4.44,17.60964047,1,-0.16,0.0569,2.824148313,0,1,1.77,100.0,0,0,40.13,2.539538861,0.0,45.017,74.147,2.091441062,298,1,10.26466251,20.0,-0.8492,-1.6339,2.187496097,0.569620253,6.0,74.147,6_74.147,99.0,0.5696202513772582,1.62274171877641e-09,
[HMIM]+,[FAP]-,zero,HOPG,1.5,8.81,215.3680851,0,-0.0002,0.89,3.540263249,1,5,0.05,100.0,0,0,0.0,2.153242802,85.0,445.004,167.276,3.775688868,298,0,468.4882895,6.0,1.8929,7.1942,7.871070033,0.001,0.0,167.276,0_167.276,100.0,0.0010000004029829,4.029829256749218e-10,
"[P6,6,6,14]+",[BMB]-,PC,Au(111),0.25,0.0,319.1282666,0,-0.02,0.835,5.174799948,0,28,0.7,3.1,0,0,71.06,4.337445108,60.0,311.078,483.87,3.97427778,298,0,682.1804819,1.0,12.446,2.0514,1.591434542,0.1338,3.0,483.87,3_483.87,101.0,0.1337999992419247,7.580752969804647e-10,
[C10(C1Im)2]2+,[TFSI]-,zero,mica,0.0,39.34,478.4344778,2,-0.16,0.0596,4.268585015,0,11,1.77,100.0,0,0,82.38,1.38550141,0.0,280.147,304.482,3.359227186,298,0,384.7328028,0.052,2.8978,1.0593,5.284512596,0.107,2.0,304.482,2_304.482,102.0,0.107000000426782,4.2678204026369565e-10,
[HMIM]+,[FAP]-,zero,Au(111),-1.0,8.81,215.3680851,0,-0.02,0.2,3.540263249,1,5,0.7,100.0,0,0,0.0,2.153242802,60.0,445.004,167.276,3.775688868,293,0,468.4882895,2.0,1.8929,7.1942,7.871070033,0.15,3.0,167.276,3_167.276,103.0,0.1500000052663639,5.266363983791322e-09,
"[P6,6,6,14]+",[DS]-,(CH2CO2Et)2,stainless steel,0.0,0.0,319.1282666,0,0.01,0.9,5.174799948,0,28,0.07,0.493,0,1,66.43,4.337445108,72.0,265.395,483.87,3.990255029,298,0,249.2312434,6.0,12.446,3.3841,3.038016531,0.74,6.0,483.87,6_483.87,104.0,0.7400000096719572,9.671957235113382e-09,
"[P6,6,6,14]+",[BMB]-,PC,Au(111),-0.12,0.0,319.1282666,0,-0.02,0.835,5.174799948,0,28,0.7,0.67,0,0,71.06,4.337445108,60.0,311.078,483.87,3.97427778,298,0,682.1804819,6.0,12.446,2.0514,1.591434542,0.093,2.0,483.87,2_483.87,105.0,0.0930000066798094,6.679809400056412e-09,
[EMIM] +,[FAP]-,zero,Au(111),1.5,8.81,166.7913934,0,-0.02,0.2,3.045073482,1,1,0.7,100.0,0,0,0.0,2.837541431,60.0,445.004,111.168,3.775688868,293,0,468.4882895,20.0,0.3325,7.1942,7.871070033,0.39,5.0,111.168,5_111.168,106.0,0.3899999849051803,1.5094819727501374e-08,
"[P6,6,6,14]+",[AOT]-,(CH2CO2Et)2,stainless steel,0.0,0.0,319.1282666,0,0.01,0.9,5.174799948,0,28,0.07,0.0,0,1,109.8,4.337445108,72.0,421.576,483.87,4.637037402,298,0,544.7574562,6.0,12.446,3.8095,4.726289834,0.98,7.0,483.87,7_483.87,107.0,0.9650000035540336,0.0149999964459663,
"[P6,6,6,14]+",[BEHP]-,zero,HOPG,0.0,0.0,319.1282666,0,-0.0002,0.89,5.174799948,0,28,0.05,100.0,0,0,58.59,4.337445108,85.0,321.418,483.87,4.32349866,298,0,259.4505415,6.0,12.446,4.9208,4.075382025,0.012,0.0,483.87,0_483.87,108.0,0.0120000005794782,5.79478253576182e-10,
"[P6,6,6,14]+",[TFSI]-,[P66614][Doc],stainless steel,0.0,0.0,319.1282666,0,0.01,320.0,5.174799948,0,28,0.07,82.6,0,1,82.38,4.337445108,72.0,280.147,483.87,3.359227186,298,0,384.7328028,13.0,12.446,1.0593,5.284512596,0.03868,1.0,483.87,1_483.87,109.0,0.0386799981843294,1.815670565286087e-09,
"[P6,6,6,14]+",[AOT]-,(CH2CO2Et)2,stainless steel,0.0,0.0,319.1282666,0,0.01,0.9,5.174799948,0,28,0.07,1.002,0,1,109.8,4.337445108,72.0,421.576,483.87,4.637037402,298,0,544.7574562,6.0,12.446,3.8095,4.726289834,0.28,4.0,483.87,4_483.87,110.0,0.2800000029596911,2.95969104779914e-09,
"[P6,6,6,14]+",[BScB]-,DEGDBE,titanium,0.0,0.0,319.1282666,0,0.005,61.15,5.174799948,0,28,0.5,0.1,0,0,71.06,4.337445108,60.0,283.024,483.87,3.79978343,298,0,706.0644789,20.0,12.446,1.9208,1.781315888,0.058,1.0,483.87,1_483.87,111.0,0.0569999998398134,0.0010000001601865,
[Li(G4)]+,[TFSI]-,zero,HOPG,0.5,46.15,103.3825112,0,-0.0002,0.89,3.859895249,5,12,0.05,100.0,0,0,82.38,0.0,85.0,280.147,229.222,3.359227186,298,0,384.7328028,6.0,-2.667,1.0593,5.284512596,0.02,0.0,229.222,0_229.222,112.0,0.0199999989440378,1.0559621337058456e-09,
"[P4,4,4,1 ]+",[TFSI]-,zero,HOPG,-1.0,0.0,98.62953293,0,-0.0002,0.89,3.951373459,0,9,0.05,100.0,0,0,82.38,3.889782595,85.0,280.147,217.357,3.359227186,298,0,384.7328028,6.0,5.0341,1.0593,5.284512596,0.018,0.0,217.357,0_217.357,113.0,0.0179999995199807,4.800192292264691e-10,
[EA]+,[F]-,zero,mica,0.0,27.64,2.754887502,1,-0.16,0.0569,2.431285504,0,0,1.77,100.0,0,0,40.13,1.632993162,0.0,45.017,46.093,2.091441062,298,1,10.26466251,40.0,-0.7518,-1.6339,2.187496097,1.1,7.0,46.093,7_46.093,114.0,1.1000000241584091,2.415840905101163e-08,
[EA]+,[N]-,zero,polytetrafluoroethylene PTFE,0.0,27.64,2.754887502,1,-5e-05,7.0,2.431285504,0,0,0.019,0.0,0,0,66.2,1.632993162,110.0,62.004,46.093,2.192174955,298,1,26.26466251,20.0,-0.7518,-0.2391,2.803039488,0.200806452,3.0,46.093,3_46.093,115.0,0.200806453902945,1.9029449960239475e-09,
[EA]+,[F]-,zero,mica,0.0,27.64,2.754887502,1,-0.16,0.0569,2.431285504,0,0,1.77,100.0,0,0,40.13,1.632993162,0.0,45.017,46.093,2.091441062,298,1,10.26466251,20.0,-0.7518,-1.6339,2.187496097,1.040506329,7.0,46.093,7_46.093,116.0,1.0405063619955597,3.299555961788769e-08,
"[P6,6,6,14]+",[TFSI]-,zero,HOPG,-1.0,0.0,319.1282666,0,-0.0002,0.89,5.174799948,0,28,0.05,100.0,0,0,82.38,4.337445108,85.0,280.147,483.87,3.359227186,298,0,384.7328028,6.0,12.446,1.0593,5.284512596,0.006,0.0,483.87,0_483.87,117.0,0.0060000002087878,2.087878810813626e-10,
[EA]+,[N]-,zero,mica,0.0,27.64,2.754887502,1,-0.16,0.0569,2.431285504,0,0,1.77,100.0,0,0,66.2,1.632993162,0.0,62.004,46.093,2.192174955,298,1,26.26466251,30.0,-0.7518,-0.2391,2.803039488,0.304,4.0,46.093,4_46.093,118.0,0.2093909379706216,0.0946090620293783,high error
[EMIM] +,[FAP]-,zero,Au(111),-2.0,8.81,166.7913934,0,-0.02,0.2,3.045073482,1,1,0.7,100.0,0,0,0.0,2.837541431,60.0,445.004,111.168,3.775688868,293,0,468.4882895,20.0,0.3325,7.1942,7.871070033,0.15,3.0,111.168,3_111.168,119.0,0.1500000050047652,5.0047652411233665e-09,
[HMIM]+,[FAP]-,zero,HOPG,1.0,8.81,215.3680851,0,-0.0002,0.89,3.540263249,1,5,0.05,100.0,0,0,0.0,2.153242802,85.0,445.004,167.276,3.775688868,298,0,468.4882895,6.0,1.8929,7.1942,7.871070033,0.012,0.0,167.276,0_167.276,120.0,0.0119999996439762,3.560237556154976e-10,
[EA]+,[N]-,zero,mica,0.0,27.64,2.754887502,1,-0.16,0.0569,2.431285504,0,0,1.77,100.0,0,0,66.2,1.632993162,0.0,62.004,46.093,2.192174955,369,1,26.26466251,10.0,-0.7518,-0.2391,2.803039488,0.258,4.0,46.093,4_46.093,121.0,0.2579999872197325,1.27802674554367e-08,
"[P6,6,6,14]+",[AOT]-,[P66614][BTA],stainless steel,-4.0,0.0,319.1282666,0,0.01,320.0,5.174799948,0,28,0.07,17.4,0,1,109.8,4.337445108,72.0,421.576,483.87,4.637037402,298,0,544.7574562,1.0,12.446,3.8095,4.726289834,0.01295,0.0,483.87,0_483.87,122.0,0.0129500006449396,6.449396745822342e-10,
[EtA]+,[N]-,zero,mica,0.0,47.87,8.0,2,-0.16,0.0569,2.543129445,1,1,1.77,100.0,0,0,66.2,1.974744871,0.0,62.004,62.092,2.192174955,298,1,26.26466251,5.0,-1.7794,-0.2391,2.803039488,0.643037975,6.0,62.092,6_62.092,123.0,0.6430379741299839,8.700161702179796e-10,
[EMIM] +,[FAP]-,zero,Au(111),1.5,8.81,166.7913934,0,-0.02,0.2,3.045073482,1,1,0.7,100.0,0,0,0.0,2.837541431,60.0,445.004,111.168,3.775688868,293,0,468.4882895,2.0,0.3325,7.1942,7.871070033,0.38,5.0,111.168,5_111.168,124.0,0.3799999962997882,3.7002118036255638e-09,
"[P6,6,6,14]+",[AOT]-,[P66614][BTA],stainless steel,0.0,0.0,319.1282666,0,0.01,320.0,5.174799948,0,28,0.07,17.4,0,1,109.8,4.337445108,72.0,421.576,483.87,4.637037402,298,0,544.7574562,1.0,12.446,3.8095,4.726289834,0.03526,1.0,483.87,1_483.87,125.0,0.0352599986821694,1.3178305530159307e-09,
"[P6,6,6,14]+",[AOT]-,(CH2CO2Et)2,stainless steel,0.0,0.0,319.1282666,0,0.01,0.9,5.174799948,0,28,0.07,0.391,0,1,109.8,4.337445108,72.0,421.576,483.87,4.637037402,298,0,544.7574562,6.0,12.446,3.8095,4.726289834,0.36,5.0,483.87,5_483.87,126.0,0.3600000147137425,1.471374250217039e-08,
[BMIm]+,[I]-,zero,Au(111),0.5,8.81,190.8925906,0,-0.02,0.2,3.310978931,1,3,0.7,100.0,0,0,0.0,2.422977778,60.0,126.904,139.222,2.113761051,293,0,0.0,2.0,1.1127,-2.996,0.0,0.12,2.0,139.222,2_139.222,127.0,0.1199999971081843,2.8918156758095392e-09,
[Li(G4)]+,[N]-,zero,Au(111),0.5,46.15,103.3825112,0,-0.02,1.0,3.859895249,5,12,0.7,100.0,0,0,66.2,0.0,60.0,62.004,229.222,2.192174955,298,0,26.26466251,6.0,-2.667,-0.2391,2.803039488,1.0,7.0,229.222,7_229.222,128.0,0.9999999986872306,1.312769448702511e-09,
"[P6,6,6,14]+",[(iC8)2PO2]-,hexadecane,Au(111),-0.15,0.0,319.1282666,0,-0.02,1.0,5.174799948,0,28,0.7,5.0,0,0,40.13,4.337445108,60.0,289.42,483.87,4.246635376,298,0,281.6910727,6.5,12.446,4.7694,4.359263597,0.424,5.0,483.87,5_483.87,129.0,0.4239999916149475,8.385052485682111e-09,
"[P6,6,6,14]+",[(iC8)2PO2]-,hexadecane,silica,0.0,0.0,319.1282666,0,-0.07,0.5,5.174799948,0,28,0.2,0.01,0,0,40.13,4.337445108,20.7,289.42,483.87,4.246635376,298,0,281.6910727,6.0,12.446,4.7694,4.359263597,0.4,5.0,483.87,5_483.87,130.0,0.4000000057003499,5.7003499143171155e-09,
[EMIM] +,[FAP]-,zero,Au(111),0.5,8.81,166.7913934,0,-0.02,0.2,3.045073482,1,1,0.7,100.0,0,0,0.0,2.837541431,60.0,445.004,111.168,3.775688868,293,0,468.4882895,6.0,0.3325,7.1942,7.871070033,0.3,4.0,111.168,4_111.168,131.0,0.3000000075191942,7.519194211713653e-09,
[EtA]+,[N]-,zero,mica,0.0,47.87,8.0,2,-0.16,0.0569,2.543129445,1,1,1.77,100.0,0,0,66.2,1.974744871,0.0,62.004,62.092,2.192174955,298,1,26.26466251,10.0,-1.7794,-0.2391,2.803039488,0.678481013,6.0,62.092,6_62.092,132.0,0.678481042327896,2.9327896000630463e-08,
[EA]+,[N]-,zero,mica,0.0,27.64,2.754887502,1,-0.16,0.0569,2.431285504,0,0,1.77,100.0,0,0,66.2,1.632993162,0.0,62.004,46.093,2.192174955,369,1,26.26466251,20.0,-0.7518,-0.2391,2.803039488,0.309,4.0,46.093,4_46.093,133.0,0.3089999846408985,1.535910149064179e-08,
[EMIM] +,[FAP]-,zero,Au(111),-1.0,8.81,166.7913934,0,-0.02,0.2,3.045073482,1,1,0.7,100.0,0,0,0.0,2.837541431,60.0,445.004,111.168,3.775688868,293,0,468.4882895,12.0,0.3325,7.1942,7.871070033,0.19,3.0,111.168,3_111.168,134.0,0.189999994125124,5.874875946831892e-09,
"[P6,6,6,14]+",[DCA]-,DEGDBE,titanium,0.0,0.0,319.1282666,0,0.005,61.15,5.174799948,0,28,0.5,0.0143,0,0,61.68,4.337445108,60.0,66.043,483.87,2.409661825,298,0,70.04663564,20.0,12.446,0.32226,2.857271683,0.1,2.0,483.87,2_483.87,135.0,0.1000000015763811,1.57638110898084e-09,
[PA]+,[N]-,zero,mica,0.0,27.64,5.245112498,1,-0.16,0.0569,2.642365161,0,1,1.77,100.0,0,0,66.2,1.974744871,0.0,62.004,60.12,2.192174955,298,1,26.26466251,20.0,-0.3617,-0.2391,2.803039488,1.113924051,7.0,60.12,7_60.12,136.0,1.113924022362555,2.86374448599247e-08,
"[P6,6,6,14]+",[BMB]-,DEGDBE,titanium,0.0,0.0,319.1282666,0,0.005,61.15,5.174799948,0,28,0.5,0.0143,0,0,71.06,4.337445108,60.0,311.078,483.87,3.97427778,298,0,682.1804819,20.0,12.446,2.0514,1.591434542,0.12,2.0,483.87,2_483.87,137.0,0.1199999978772413,2.122758691047721e-09,
[EA]+,[N]-,zero,mica,0.0,27.64,2.754887502,1,-0.16,0.0569,2.431285504,0,0,1.77,100.0,0,0,66.2,1.632993162,0.0,62.004,46.093,2.192174955,298,1,26.26466251,30.0,-0.7518,-0.2391,2.803039488,0.114781888,2.0,46.093,2_46.093,138.0,0.2093909379706216,0.0946090499706216,
"[P6,6,6,14]+",[TFSI]-,[P66614][Doc],stainless steel,0.0,0.0,319.1282666,0,0.01,320.0,5.174799948,0,28,0.07,82.6,0,1,82.38,4.337445108,72.0,280.147,483.87,3.359227186,298,0,384.7328028,1.0,12.446,1.0593,5.284512596,0.03526,1.0,483.87,1_483.87,139.0,0.0352599999857577,1.4242204637859857e-11,
"[P6,6,6,14]+",[BMB]-,PC,Au(111),-1.0,0.0,319.1282666,0,-0.02,0.835,5.174799948,0,28,0.7,0.67,0,0,71.06,4.337445108,60.0,311.078,483.87,3.97427778,298,0,682.1804819,1.0,12.446,2.0514,1.591434542,0.0618,2.0,483.87,2_483.87,140.0,0.0618000005547622,5.547622569657127e-10,
[DMEA]+,[F]-,zero,mica,0.0,4.44,17.60964047,1,-0.16,0.0569,2.824148313,0,1,1.77,100.0,0,0,40.13,2.539538861,0.0,45.017,74.147,2.091441062,298,1,10.26466251,40.0,-0.8492,-1.6339,2.187496097,0.6,6.0,74.147,6_74.147,141.0,0.6000000233460276,2.3346027666626412e-08,
[EA]+,[N]-,zero,mica,0.0,27.64,2.754887502,1,-0.16,0.0569,2.431285504,0,0,1.77,100.0,0,0,66.2,1.632993162,0.0,62.004,46.093,2.192174955,339,1,26.26466251,20.0,-0.7518,-0.2391,2.803039488,0.32,5.0,46.093,5_46.093,142.0,0.3199999928834457,7.116554290309551e-09,
[EA]+,[N]-,zero,mica,0.0,27.64,2.754887502,1,-0.16,0.0569,2.431285504,0,0,1.77,100.0,0,0,66.2,1.632993162,0.0,62.004,46.093,2.192174955,298,1,26.26466251,5.0,-0.7518,-0.2391,2.803039488,0.04905363,1.0,46.093,1_46.093,143.0,0.0490536345101315,4.510131504376069e-09,
[Li(G4)]+,[N]-,zero,Au(111),0.0,46.15,103.3825112,0,-0.02,1.0,3.859895249,5,12,0.7,100.0,0,0,66.2,0.0,60.0,62.004,229.222,2.192174955,298,0,26.26466251,6.0,-2.667,-0.2391,2.803039488,0.24,4.0,229.222,4_229.222,144.0,0.2399999965208819,3.4791180492099723e-09,
"[P6,6,6,14]+",[BScB]-,DEGDBE,titanium,0.0,0.0,319.1282666,0,0.005,61.15,5.174799948,0,28,0.5,0.0,0,0,71.06,4.337445108,60.0,283.024,483.87,3.79978343,298,0,706.0644789,20.0,12.446,1.9208,1.781315888,0.14,3.0,483.87,3_483.87,145.0,0.1400000006986219,6.986219380777923e-10,
"[P6,6,6,14]+",[AOT]-,hexadecane,stainless steel,0.0,0.0,319.1282666,0,0.01,0.9,5.174799948,0,28,0.07,1.299,0,1,109.8,4.337445108,72.0,421.576,483.87,4.637037402,298,0,544.7574562,6.0,12.446,3.8095,4.726289834,0.54,6.0,483.87,6_483.87,146.0,0.5400000200502857,2.0050285653994138e-08,
[HMIM]+,[FAP]-,zero,HOPG,0.0,8.81,215.3680851,0,-0.0002,0.89,3.540263249,1,5,0.05,0.0,0,0,0.0,2.153242802,85.0,445.004,167.276,3.775688868,298,0,468.4882895,6.0,1.8929,7.1942,7.871070033,0.013,0.0,167.276,0_167.276,147.0,0.0130000001850673,1.8506736247647648e-10,
"[P6,6,6,14]+",[AOT]-,[P66614][BTA],stainless steel,4.0,0.0,319.1282666,0,0.01,320.0,5.174799948,0,28,0.07,17.4,0,1,109.8,4.337445108,72.0,421.576,483.87,4.637037402,298,0,544.7574562,1.0,12.446,3.8095,4.726289834,0.0248,1.0,483.87,1_483.87,148.0,0.0248000012038867,1.203886757644712e-09,
"[P6,6,6,14]+",[BMB]-,PC,Au(111),-0.12,0.0,319.1282666,0,-0.02,0.835,5.174799948,0,28,0.7,3.1,0,0,71.06,4.337445108,60.0,311.078,483.87,3.97427778,298,0,682.1804819,6.0,12.446,2.0514,1.591434542,0.1229,3.0,483.87,3_483.87,149.0,0.1228999972944479,2.705552101800457e-09,
[EA]+,[F]-,zero,mica,0.0,27.64,2.754887502,1,-0.16,0.0569,2.431285504,0,0,1.77,100.0,0,0,40.13,1.632993162,0.0,45.017,46.093,2.091441062,298,1,10.26466251,30.0,-0.7518,-1.6339,2.187496097,1.149367089,7.0,46.093,7_46.093,150.0,1.1493670940733585,5.073358400053962e-09,
"[P6,6,6,14]+",[TFSI]-,[P66614][Doc],stainless steel,4.0,0.0,319.1282666,0,0.01,320.0,5.174799948,0,28,0.07,82.6,0,1,82.38,4.337445108,72.0,280.147,483.87,3.359227186,298,0,384.7328028,130.0,12.446,1.0593,5.284512596,0.0339,1.0,483.87,1_483.87,151.0,0.0338999997448188,2.5518116786305e-10,
[BMIm]+,[BF4]-,zero,silica,0.0,8.81,190.8925906,0,-0.07,0.5,3.310978931,1,3,0.2,100.0,0,0,0.0,2.422977778,20.7,86.804,139.222,2.328453731,298,0,19.11941548,10.0,1.1127,1.3,3.023715784,1.57,7.0,139.222,7_139.222,152.0,1.5700000524849709,5.248497059184842e-08,
"[P6,6,6,14]+",[(iC8)2PO2]-,hexadecane,Au(111),0.0,0.0,319.1282666,0,-0.02,1.0,5.174799948,0,28,0.7,5.0,0,0,40.13,4.337445108,60.0,289.42,483.87,4.246635376,298,0,281.6910727,6.5,12.446,4.7694,4.359263597,0.46,5.0,483.87,5_483.87,153.0,0.460000010556292,1.0556292007191104e-08,
"[P6,6,6,14]+",[BMB]-,PC,Au(111),-1.0,0.0,319.1282666,0,-0.02,0.835,5.174799948,0,28,0.7,0.67,0,0,71.06,4.337445108,60.0,311.078,483.87,3.97427778,298,0,682.1804819,12.0,12.446,2.0514,1.591434542,0.0736,2.0,483.87,2_483.87,154.0,0.0736000027600129,2.760012940417056e-09,
[HMIM]+,[FAP]-,zero,Au(111),0.5,8.81,215.3680851,0,-0.02,0.2,3.540263249,1,5,0.7,100.0,0,0,0.0,2.153242802,60.0,445.004,167.276,3.775688868,293,0,468.4882895,2.0,1.8929,7.1942,7.871070033,0.3,4.0,167.276,4_167.276,155.0,0.3000000098459743,9.845974313638097e-09,
"[P6,6,6,14]+",[BEHP]-,zero,HOPG,-1.0,0.0,319.1282666,0,-0.0002,0.89,5.174799948,0,28,0.05,100.0,0,0,58.59,4.337445108,85.0,321.418,483.87,4.32349866,298,0,259.4505415,6.0,12.446,4.9208,4.075382025,0.002,0.0,483.87,0_483.87,156.0,0.0019999997578951,2.421048899553524e-10,
"[P6,6,6,14]+",[(iC8)2PO2]-,hexadecane,Au(111),0.0,0.0,319.1282666,0,-0.02,1.0,5.174799948,0,28,0.7,1.0,0,0,40.13,4.337445108,60.0,289.42,483.87,4.246635376,298,0,281.6910727,6.5,12.446,4.7694,4.359263597,0.46,5.0,483.87,5_483.87,157.0,0.4600000064700927,6.470092683841244e-09,
[HMIM]+,[TFSI]-,zero,silica,0.0,8.81,215.3680851,0,-0.07,6.03,3.540263249,1,5,0.2,100.0,0,0,82.38,2.153242802,20.7,280.147,167.276,3.359227186,298,0,384.7328028,1.0,1.8929,1.0593,5.284512596,0.075,2.0,167.276,2_167.276,158.0,0.0750000019064807,1.9064807094126834e-09,
[EMIM] +,[FAP]-,zero,Au(111),-2.0,8.81,166.7913934,0,-0.02,0.2,3.045073482,1,1,0.7,100.0,0,0,0.0,2.837541431,60.0,445.004,111.168,3.775688868,293,0,468.4882895,12.0,0.3325,7.1942,7.871070033,0.14,3.0,111.168,3_111.168,159.0,0.1400000021674949,2.1674949335359628e-09,
"[P6,6,6,14]+",[AOT]-,[P66614][BTA],stainless steel,4.0,0.0,319.1282666,0,0.01,320.0,5.174799948,0,28,0.07,17.4,0,1,109.8,4.337445108,72.0,421.576,483.87,4.637037402,298,0,544.7574562,65.0,12.446,3.8095,4.726289834,0.01277,0.0,483.87,0_483.87,160.0,0.0127699993657737,6.342262236225247e-10,
"[P6,6,6,14]+",[BMB]-,PC,Au(111),-0.12,0.0,319.1282666,0,-0.02,0.835,5.174799948,0,28,0.7,0.67,0,0,71.06,4.337445108,60.0,311.078,483.87,3.97427778,298,0,682.1804819,12.0,12.446,2.0514,1.591434542,0.1149,2.0,483.87,2_483.87,161.0,0.1148999977378194,2.2621805539913e-09,
[EMIM] +,[FAP]-,zero,Au(111),1.0,8.81,166.7913934,0,-0.02,0.2,3.045073482,1,1,0.7,100.0,0,0,0.0,2.837541431,60.0,445.004,111.168,3.775688868,293,0,468.4882895,2.0,0.3325,7.1942,7.871070033,0.35,5.0,111.168,5_111.168,162.0,0.3499999911643832,8.835616793767542e-09,
[EMIM] +,[FAP]-,zero,Au(111),-0.5,8.81,166.7913934,0,-0.02,0.2,3.045073482,1,1,0.7,100.0,0,0,0.0,2.837541431,60.0,445.004,111.168,3.775688868,293,0,468.4882895,12.0,0.3325,7.1942,7.871070033,0.22,3.0,111.168,3_111.168,163.0,0.2200000000627056,6.2705673986585e-11,
[BMIm]+,[TFSI]-,zero,Au(111),1.0,8.81,190.8925906,0,-0.02,1.0,3.310978931,1,3,0.7,100.0,0,0,82.38,2.422977778,60.0,280.147,139.222,3.359227186,298,0,384.7328028,6.0,1.1127,1.0593,5.284512596,0.119,2.0,139.222,2_139.222,164.0,0.119000000149662,1.4966200501120852e-10,
"[P6,6,6,14]+",[(iC8)2PO2]-,hexadecane,Au(111),1.0,0.0,319.1282666,0,-0.02,1.0,5.174799948,0,28,0.7,100.0,0,0,40.13,4.337445108,60.0,289.42,483.87,4.246635376,298,0,281.6910727,6.5,12.446,4.7694,4.359263597,0.84,7.0,483.87,7_483.87,165.0,0.8399999745446781,2.5455321850387242e-08,
"[P6,6,6,14]+",[(iC8)2PO2]-,hexadecane,silica,0.0,0.0,319.1282666,0,-0.07,0.5,5.174799948,0,28,0.2,0.0,0,0,40.13,4.337445108,20.7,289.42,483.87,4.246635376,298,0,281.6910727,6.0,12.446,4.7694,4.359263597,0.57,6.0,483.87,6_483.87,166.0,0.5699999931709917,6.829008247777324e-09,
"[P6,6,6,14]+",[TFSI]-,[P66614][Doc],stainless steel,-4.0,0.0,319.1282666,0,0.01,320.0,5.174799948,0,28,0.07,82.6,0,1,82.38,4.337445108,72.0,280.147,483.87,3.359227186,298,0,384.7328028,65.0,12.446,1.0593,5.284512596,0.00093,0.0,483.87,0_483.87,167.0,0.0009299986255277,1.374472216380748e-09,
"[P6,6,6,14]+",[BMB]-,PC,Au(111),-0.12,0.0,319.1282666,0,-0.02,0.835,5.174799948,0,28,0.7,3.1,0,0,71.06,4.337445108,60.0,311.078,483.87,3.97427778,298,0,682.1804819,1.0,12.446,2.0514,1.591434542,0.1296,3.0,483.87,3_483.87,168.0,0.1296000055983001,5.598300156783864e-09,
"[P6,6,6,14]+",[TFSI]-,[P66614][Doc],stainless steel,4.0,0.0,319.1282666,0,0.01,320.0,5.174799948,0,28,0.07,82.6,0,1,82.38,4.337445108,72.0,280.147,483.87,3.359227186,298,0,384.7328028,65.0,12.446,1.0593,5.284512596,0.01277,0.0,483.87,0_483.87,169.0,0.0127700003989522,3.989522080749541e-10,
"[P6,6,6,14]+",[AOT]-,zero,stainless steel,1.24,0.0,319.1282666,0,0.01,0.9,5.174799948,0,28,0.07,100.0,0,1,109.8,4.337445108,72.0,421.576,483.87,4.637037402,298,0,544.7574562,6.0,12.446,3.8095,4.726289834,0.26,4.0,483.87,4_483.87,170.0,0.2599999908810649,9.118935051510846e-09,
[Li(G4)]+,[TFSI]-,zero,Au(111),0.5,46.15,103.3825112,0,-0.02,1.0,3.859895249,5,12,0.7,100.0,0,0,82.38,0.0,60.0,280.147,229.222,3.359227186,298,0,384.7328028,6.0,-2.667,1.0593,5.284512596,0.25,4.0,229.222,4_229.222,171.0,0.2500000024845241,2.4845241419768627e-09,
"[P6,6,6,14]+",[(iC8)2PO2]-,hexadecane,Au(111),0.0,0.0,319.1282666,0,-0.02,1.0,5.174799948,0,28,0.7,0.001,0,0,40.13,4.337445108,60.0,289.42,483.87,4.246635376,298,0,281.6910727,6.5,12.446,4.7694,4.359263597,0.5,6.0,483.87,6_483.87,172.0,0.5000000006216687,6.216687165050414e-10,
"[P6,6,6,14]+",[(iC8)2PO2]-,hexadecane,Au(111),1.0,0.0,319.1282666,0,-0.02,1.0,5.174799948,0,28,0.7,1.0,0,0,40.13,4.337445108,60.0,289.42,483.87,4.246635376,298,0,281.6910727,6.5,12.446,4.7694,4.359263597,0.588,6.0,483.87,6_483.87,173.0,0.5880000003532779,3.5327796243933557e-10,
"[P6,6,6,14]+",[AOT]-,hexadecane,stainless steel,0.0,0.0,319.1282666,0,0.01,0.9,5.174799948,0,28,0.07,0.508,0,1,109.8,4.337445108,72.0,421.576,483.87,4.637037402,298,0,544.7574562,6.0,12.446,3.8095,4.726289834,0.56,6.0,483.87,6_483.87,174.0,0.5600000016362716,1.6362715626883071e-09,
"[P6,6,6,14]+",[AOT]-,[P66614][BTA],stainless steel,4.0,0.0,319.1282666,0,0.01,320.0,5.174799948,0,28,0.07,17.4,0,1,109.8,4.337445108,72.0,421.576,483.87,4.637037402,298,0,544.7574562,130.0,12.446,3.8095,4.726289834,0.0339,1.0,483.87,1_483.87,175.0,0.0339000005950184,5.950184650549415e-10,
"[P6,6,6,14]+",[AOT]-,[P66614][BTA],stainless steel,-4.0,0.0,319.1282666,0,0.01,320.0,5.174799948,0,28,0.07,17.4,0,1,109.8,4.337445108,72.0,421.576,483.87,4.637037402,298,0,544.7574562,65.0,12.446,3.8095,4.726289834,0.00093,0.0,483.87,0_483.87,176.0,0.0009300013008754,1.3008754492453002e-09,
[EA]+,[N]-,zero,mica,0.0,27.64,2.754887502,1,-0.16,0.0569,2.431285504,0,0,1.77,100.0,0,0,66.2,1.632993162,0.0,62.004,46.093,2.192174955,298,1,26.26466251,0.5,-0.7518,-0.2391,2.803039488,0.022795699,1.0,46.093,1_46.093,177.0,0.0227956998584151,8.58415120236211e-10,
[EMIM] +,[FAP]-,zero,Au(111),0.0,8.81,166.7913934,0,-0.02,0.2,3.045073482,1,1,0.7,100.0,0,0,0.0,2.837541431,60.0,445.004,111.168,3.775688868,293,0,468.4882895,12.0,0.3325,7.1942,7.871070033,0.29,4.0,111.168,4_111.168,178.0,0.2899999895752907,1.0424709262490952e-08,
"[P6,6,6,14]+",[DS]-,hexadecane,stainless steel,0.0,0.0,319.1282666,0,0.01,0.9,5.174799948,0,28,0.07,0.613,0,1,66.43,4.337445108,72.0,265.395,483.87,3.990255029,298,0,249.2312434,6.0,12.446,3.3841,3.038016531,0.77,6.0,483.87,6_483.87,179.0,0.7699999805965982,1.940340177419841e-08,
[EA]+,[N]-,zero,mica,0.0,27.64,2.754887502,1,-0.16,0.0569,2.431285504,0,0,1.77,100.0,0,0,66.2,1.632993162,0.0,62.004,46.093,2.192174955,298,1,26.26466251,10.0,-0.7518,-0.2391,2.803039488,0.31,4.0,46.093,4_46.093,180.0,0.3099999985149927,1.4850072838079598e-09,
[Li(G4)]+,[TFSI]-,zero,HOPG,-0.5,46.15,103.3825112,0,-0.0002,0.89,3.859895249,5,12,0.05,100.0,0,0,82.38,0.0,85.0,280.147,229.222,3.359227186,298,0,384.7328028,6.0,-2.667,1.0593,5.284512596,0.024,1.0,229.222,1_229.222,181.0,0.0239999993387695,6.61230493970155e-10,
[EA]+,[N]-,zero,silica,0.0,27.64,2.754887502,1,-0.07,0.6,2.431285504,0,0,0.2,100.0,0,0,66.2,1.632993162,20.7,62.004,46.093,2.192174955,298,1,26.26466251,20.0,-0.7518,-0.2391,2.803039488,0.152419355,3.0,46.093,3_46.093,182.0,0.152419358778911,3.778911017437991e-09,
"[P6,6,6,14]+",[BOB]-,DEGDBE,titanium,0.0,0.0,319.1282666,0,0.005,61.15,5.174799948,0,28,0.5,0.1,0,0,105.2,4.337445108,60.0,186.848,483.87,3.117880277,298,0,274.5434145,20.0,12.446,-2.378,2.267123915,0.06,1.0,483.87,1_483.87,183.0,0.0599999995316792,4.683207155409264e-10,
[EMIM] +,[FAP]-,zero,Au(111),0.5,8.81,166.7913934,0,-0.02,0.2,3.045073482,1,1,0.7,100.0,0,0,0.0,2.837541431,60.0,445.004,111.168,3.775688868,293,0,468.4882895,20.0,0.3325,7.1942,7.871070033,0.31,4.0,111.168,4_111.168,184.0,0.3100000005016914,5.016914106370507e-10,
"[P6,6,6,14]+",[BMB]-,PC,Au(111),-0.12,0.0,319.1282666,0,-0.02,0.835,5.174799948,0,28,0.7,0.67,0,0,71.06,4.337445108,60.0,311.078,483.87,3.97427778,298,0,682.1804819,1.0,12.446,2.0514,1.591434542,0.0948,2.0,483.87,2_483.87,185.0,0.0948000007943601,7.94360188738352e-10,
"[P6,6,6,14]+",[BEHP]-,zero,HOPG,1.0,0.0,319.1282666,0,-0.0002,0.89,5.174799948,0,28,0.05,100.0,0,0,58.59,4.337445108,85.0,321.418,483.87,4.32349866,298,0,259.4505415,6.0,12.446,4.9208,4.075382025,0.012,0.0,483.87,0_483.87,186.0,0.0119999998467713,1.5322869709177844e-10,
"[P6,6,6,14]+",[(iC8)2PO2]-,hexadecane,Au(111),0.0,0.0,319.1282666,0,-0.02,1.0,5.174799948,0,28,0.7,100.0,0,0,40.13,4.337445108,60.0,289.42,483.87,4.246635376,298,0,281.6910727,6.5,12.446,4.7694,4.359263597,0.47,6.0,483.87,6_483.87,187.0,0.4699999964251086,3.5748913274069594e-09,
"[P6,6,6,14]+",[TFSI]-,[P66614][Doc],stainless steel,4.0,0.0,319.1282666,0,0.01,320.0,5.174799948,0,28,0.07,82.6,0,1,82.38,4.337445108,72.0,280.147,483.87,3.359227186,298,0,384.7328028,13.0,12.446,1.0593,5.284512596,0.03268,1.0,483.87,1_483.87,188.0,0.0326800011362728,1.1362728397079636e-09,
"[P6,6,6,14]+",[TFSI]-,zero,stainless steel,0.0,0.0,319.1282666,0,0.01,0.89,5.174799948,0,28,0.07,100.0,0,1,82.38,4.337445108,72.0,280.147,483.87,3.359227186,298,0,384.7328028,6.0,12.446,1.0593,5.284512596,0.39,5.0,483.87,5_483.87,189.0,0.3899999851232247,1.4876775256134069e-08,
"[P6,6,6,14]+",[BScB]-,DEGDBE,titanium,0.0,0.0,319.1282666,0,0.005,61.15,5.174799948,0,28,0.5,0.1,0,0,71.06,4.337445108,60.0,283.024,483.87,3.79978343,298,0,706.0644789,20.0,12.446,1.9208,1.781315888,0.056,1.0,483.87,1_483.87,190.0,0.0569999998398134,0.0009999998398134,
"[P6,6,6,14]+",[(iC8)2PO2]-,hexadecane,silica,0.0,0.0,319.1282666,0,-0.07,0.5,5.174799948,0,28,0.2,10.0,0,0,40.13,4.337445108,20.7,289.42,483.87,4.246635376,298,0,281.6910727,6.0,12.446,4.7694,4.359263597,0.39,5.0,483.87,5_483.87,191.0,0.3899999862211144,1.3778885588067169e-08,
[HOC4Py] +,[TFSI]-,zero,mica,0.0,24.11,186.0140383,1,-0.16,0.0569,3.360073211,1,4,1.77,100.0,0,0,82.38,2.275801287,0.0,280.147,152.217,3.359227186,293,0,384.7328028,6.0,0.7466,1.0593,5.284512596,0.15,3.0,152.217,3_152.217,192.0,0.1500000057366416,5.736641633946604e-09,
[HOC3Py] +,[TFSI]-,zero,mica,0.0,24.11,173.8722824,1,-0.16,0.0569,3.236493461,1,3,1.77,100.0,0,0,82.38,2.426522347,0.0,280.147,138.19,3.359227186,293,0,384.7328028,6.0,0.3565,1.0593,5.284512596,0.18,3.0,138.19,3_138.19,193.0,0.1800000067360772,6.736077279301256e-09,
[HOC4MPip]+,[TFSI]-,zero,mica,0.0,20.23,119.0069869,1,-0.16,0.0569,3.589900502,1,4,1.77,100.0,0,0,82.38,2.172199717,0.0,280.147,172.292,3.359227186,293,1,384.7328028,6.0,1.3894,1.0593,5.284512596,0.17,3.0,172.292,3_172.292,194.0,0.1700000019885985,1.9885985358403246e-09,
[C10(C1Im)2]2+,[TFSI]-,zero,mica,0.0,39.34,478.4344778,2,-0.16,0.0596,4.268585015,0,11,1.77,100.0,0,0,82.38,1.38550141,0.0,280.147,304.482,3.359227186,298,0,384.7328028,0.47,2.8978,1.0593,5.284512596,0.0594,1.0,304.482,1_304.482,195.0,0.0593999999607606,3.923932706539901e-11,
"[Py1,4]+",[FAP]-,zero,Au(111),1.0,0.0,92.90138861,0,-0.02,1.0,3.423597497,0,3,0.7,100.0,0,0,0.0,2.21874475,60.0,445.004,142.266,3.775688868,298,1,468.4882895,6.0,2.0269,7.1942,7.871070033,0.45,5.0,142.266,5_142.266,196.0,0.4499999875999922,1.24000077428299e-08,
"[Py1,4]+",[FAP]-,zero,Au(111),1.5,0.0,92.90138861,0,-0.02,1.0,3.423597497,0,3,0.7,100.0,0,0,0.0,2.21874475,60.0,445.004,142.266,3.775688868,298,1,468.4882895,6.0,2.0269,7.1942,7.871070033,0.59,6.0,142.266,6_142.266,197.0,0.5899999740637896,2.593621040158922e-08,
[BMIm]+,[TFSI]-,zero,Au(111),0.0,8.81,190.8925906,0,-0.02,1.0,3.310978931,1,3,0.7,100.0,0,0,82.38,2.422977778,60.0,280.147,139.222,3.359227186,298,0,384.7328028,6.0,1.1127,1.0593,5.284512596,0.044,1.0,139.222,1_139.222,198.0,0.0440000060135713,6.013571349217095e-09,
Poly(3MAPIm)+,[TFSI]-,BMIM TFSI,Au(111),0.0,37.91,293.312147,1,-0.02,1.0,3.639451851,2,5,0.7,5.0,0,0,82.38,2.128181097,60.0,280.147,196.274,3.359227186,298,0,384.7328028,6.0,0.2289,1.0593,5.284512596,0.634,6.0,196.274,6_196.274,199.0,0.6340000037342027,3.734202724814395e-09,
Poly(3MAPIm)+,[TFSI]-,BMIM TFSI,Au(111),-1.0,37.91,293.312147,1,-0.02,1.0,3.639451851,2,5,0.7,5.0,0,0,82.38,2.128181097,60.0,280.147,196.274,3.359227186,298,0,384.7328028,6.0,0.2289,1.0593,5.284512596,0.911,7.0,196.274,7_196.274,200.0,0.9110000132024668,1.3202466675465985e-08,
[EA]+,[N]-,zero,mica,0.0,27.64,2.754887502,1,-0.16,0.0569,2.431285504,0,0,1.77,100.0,0,0,66.2,1.632993162,0.0,62.004,46.093,2.192174955,298,1,26.26466251,1.0,-0.7518,-0.2391,2.803039488,0.019871158,0.0,46.093,0_46.093,201.0,0.0198711576440699,3.5593000768940897e-10,
[EMIM] +,[FAP]-,zero,Au(111),-2.0,8.81,166.7913934,0,-0.02,0.2,3.045073482,1,1,0.7,100.0,0,0,0.0,2.837541431,60.0,445.004,111.168,3.775688868,293,0,468.4882895,2.0,0.3325,7.1942,7.871070033,0.12,2.0,111.168,2_111.168,202.0,0.1199999958814603,4.118539620456829e-09,
[Li(G4)]+,[TFSI]-,zero,Au(111),0.0,46.15,103.3825112,0,-0.02,1.0,3.859895249,5,12,0.7,100.0,0,0,82.38,0.0,60.0,280.147,229.222,3.359227186,298,0,384.7328028,6.0,-2.667,1.0593,5.284512596,0.21,3.0,229.222,3_229.222,203.0,0.2099999897142385,1.0285761409267737e-08,
[Li(G4)]+,[TFSI]-,zero,Au(111),1.0,46.15,103.3825112,0,-0.02,1.0,3.859895249,5,12,0.7,100.0,0,0,82.38,0.0,60.0,280.147,229.222,3.359227186,298,0,384.7328028,6.0,-2.667,1.0593,5.284512596,0.74,6.0,229.222,6_229.222,204.0,0.7400000088140999,8.814099894394191e-09,
[BMIm]+,[AOT]-,H2O,stainless steel,0.0,8.81,190.8925906,0,0.01,0.8,3.310978931,1,3,0.07,16.5,1,1,109.8,2.422977778,72.0,421.576,139.222,4.637037402,298,0,544.7574562,6.0,1.1127,3.8095,4.726289834,3.4,7.0,139.222,7_139.222,205.0,3.400000094899325,9.489932528694568e-08,
[BMIm]+,[AOT]-,H2O,stainless steel,-1.0,8.81,190.8925906,0,0.01,0.8,3.310978931,1,3,0.07,16.5,1,1,109.8,2.422977778,72.0,421.576,139.222,4.637037402,298,0,544.7574562,6.0,1.1127,3.8095,4.726289834,3.4,7.0,139.222,7_139.222,206.0,3.400000095751152,9.57511518961951e-08,
[DOPIL]+,[Cl]-,zero,silica,0.0,78.37,622.3764453,3,-0.07,6.03,4.033447586,4,6,0.2,100.0,0,0,0.0,1.69932597,20.7,35.453,290.343,1.783215615,298,0,0.0,2.0,0.4728,-2.996,0.0,3.38,7.0,290.343,7_290.343,207.0,3.380000114595101,1.1459510096401004e-07,
[DOPIL]+,[BF4]-,zero,silica,0.0,78.37,622.3764453,3,-0.07,6.03,4.033447586,4,6,0.2,100.0,0,0,0.0,1.69932597,20.7,86.804,290.343,2.328453731,298,0,19.11941548,2.0,0.4728,1.3,3.023715784,2.85,7.0,290.343,7_290.343,208.0,2.849999904459989,9.554001101363953e-08,
[DOPIL]+,[TFSI]-,zero,silica,0.0,78.37,622.3764453,3,-0.07,6.03,4.033447586,4,6,0.2,0.0,0,0,82.38,1.69932597,20.7,280.147,290.343,3.359227186,298,0,384.7328028,2.0,0.4728,1.0593,5.284512596,3.77,7.0,290.343,7_290.343,209.0,3.769999981224861,1.877513922110552e-08,
"[P6,6,6,14]+",[AOT]-,(CH2CO2Et)2,stainless steel,0.24,0.0,319.1282666,0,0.01,0.9,5.174799948,0,28,0.07,1.002,0,1,109.8,4.337445108,72.0,421.576,483.87,4.637037402,298,0,544.7574562,6.0,12.446,3.8095,4.726289834,0.54,6.0,483.87,6_483.87,0.0,0.2971077601880285,0.2428922398119715,
"[P6,6,6,14]+",[BScB]-,zero,titanium,0.0,0.0,319.1282666,0,0.005,61.15,5.174799948,0,28,0.5,0.0,0,0,71.06,4.337445108,60.0,283.024,483.87,3.79978343,298,0,706.0644789,20.0,12.446,1.9208,1.781315888,0.23,4.0,483.87,4_483.87,1.0,0.1400000006986219,0.089999999301378,
"[P6,6,6,14]+",[BMB]-,PC,Au(111),0.25,0.0,319.1282666,0,-0.02,0.835,5.174799948,0,28,0.7,0.67,0,0,71.06,4.337445108,60.0,311.078,483.87,3.97427778,298,0,682.1804819,6.0,12.446,2.0514,1.591434542,0.1097,2.0,483.87,2_483.87,2.0,0.0966232592100282,0.0130767407899717,
[EMIM] +,[FAP]-,zero,Au(111),1.5,8.81,166.7913934,0,-0.02,0.2,3.045073482,1,1,0.7,100.0,0,0,0.0,2.837541431,60.0,445.004,111.168,3.775688868,293,0,468.4882895,6.0,0.3325,7.1942,7.871070033,0.39,5.0,111.168,5_111.168,3.0,0.3761000610826097,0.0138999389173902,
"[P6,6,6,14]+",[DS]-,(CH2CO2Et)2,stainless steel,0.0,0.0,319.1282666,0,0.01,0.9,5.174799948,0,28,0.07,1.263,0,1,66.43,4.337445108,72.0,265.395,483.87,3.990255029,298,0,249.2312434,6.0,12.446,3.3841,3.038016531,0.69,6.0,483.87,6_483.87,4.0,0.6361626984111475,0.0538373015888524,
"[P6,6,6,14]+",[AOT]-,[P66614][BTA],stainless steel,4.0,0.0,319.1282666,0,0.01,320.0,5.174799948,0,28,0.07,17.4,0,1,109.8,4.337445108,72.0,421.576,483.87,4.637037402,298,0,544.7574562,13.0,12.446,3.8095,4.726289834,0.03268,1.0,483.87,1_483.87,5.0,0.0322941120610539,0.000385887938946,
[HMIM]+,[TFSI]-,zero,silica,0.0,8.81,215.3680851,0,-0.07,4.85,3.540263249,1,5,0.2,100.0,0,0,82.38,2.153242802,20.7,280.147,167.276,3.359227186,298,0,384.7328028,5.0,1.8929,1.0593,5.284512596,0.024,1.0,167.276,1_167.276,6.0,0.0478006245056644,0.0238006245056644,
"[P6,6,6,14]+",[BMB]-,PC,Au(111),0.25,0.0,319.1282666,0,-0.02,0.835,5.174799948,0,28,0.7,0.67,0,0,71.06,4.337445108,60.0,311.078,483.87,3.97427778,298,0,682.1804819,1.0,12.446,2.0514,1.591434542,0.114,2.0,483.87,2_483.87,7.0,0.1011954697599581,0.0128045302400418,
[BMIm]+,[FAP]-,zero,Au(111),-0.5,8.81,190.8925906,0,-0.02,0.2,3.310978931,1,3,0.7,100.0,0,0,0.0,2.422977778,60.0,445.004,139.222,3.775688868,293,0,468.4882895,2.0,1.1127,7.1942,7.871070033,0.24,4.0,139.222,4_139.222,8.0,0.2263765843905444,0.0136234156094555,
[EA]+,[N]-,zero,mica,0.0,27.64,2.754887502,1,-0.16,0.0569,2.431285504,0,0,1.77,100.0,0,0,66.2,1.632993162,0.0,62.004,46.093,2.192174955,298,1,26.26466251,10.0,-0.7518,-0.2391,2.803039488,0.080214931,2.0,46.093,2_46.093,9.0,0.3099999985149927,0.2297850675149927,
[HMIM]+,[FAP]-,zero,Au(111),-2.0,8.81,215.3680851,0,-0.02,0.2,3.540263249,1,5,0.7,100.0,0,0,0.0,2.153242802,60.0,445.004,167.276,3.775688868,293,0,468.4882895,2.0,1.8929,7.1942,7.871070033,0.1,2.0,167.276,2_167.276,10.0,0.1230240536828355,0.0230240536828355,
"[P6,6,6,14]+",[TFSI]-,[P66614][Doc],stainless steel,-4.0,0.0,319.1282666,0,0.01,320.0,5.174799948,0,28,0.07,82.6,0,1,82.38,4.337445108,72.0,280.147,483.87,3.359227186,298,0,384.7328028,1.0,12.446,1.0593,5.284512596,0.01295,0.0,483.87,0_483.87,11.0,0.0378229153385394,0.0248729153385394,
"[P6,6,6,14]+",[DCA]-,DEGDBE,titanium,0.0,0.0,319.1282666,0,0.005,61.15,5.174799948,0,28,0.5,0.1,0,0,61.68,4.337445108,60.0,66.043,483.87,2.409661825,298,0,70.04663564,20.0,12.446,0.32226,2.857271683,0.052,1.0,483.87,1_483.87,12.0,0.0985217166699711,0.0465217166699711,
"[P6,6,6,14]+",[(iC8)2PO2]-,hexadecane,Au(111),1.0,0.0,319.1282666,0,-0.02,1.0,5.174799948,0,28,0.7,5.0,0,0,40.13,4.337445108,60.0,289.42,483.87,4.246635376,298,0,281.6910727,6.5,12.446,4.7694,4.359263597,0.695,6.0,483.87,6_483.87,13.0,0.728401478599285,0.0334014785992849,
[Li(G4)]+,[TFSI]-,zero,HOPG,-1.0,46.15,103.3825112,0,-0.0002,0.89,3.859895249,5,12,0.05,100.0,0,0,82.38,0.0,85.0,280.147,229.222,3.359227186,298,0,384.7328028,6.0,-2.667,1.0593,5.284512596,0.033,1.0,229.222,1_229.222,14.0,-0.0030503346287563,0.0360503346287563,
[PA]+,[N]-,zero,mica,0.0,27.64,5.245112498,1,-0.16,0.0569,2.642365161,0,1,1.77,100.0,0,0,66.2,1.974744871,0.0,62.004,60.12,2.192174955,298,1,26.26466251,5.0,-0.3617,-0.2391,2.803039488,0.936708861,7.0,60.12,7_60.12,15.0,0.7110664332990684,0.2256424277009315,
"[P6,6,6,14]+",[(iC8)2PO2]-,zero,HOPG,1.0,0.0,319.1282666,0,-0.0002,0.89,5.174799948,0,28,0.05,100.0,0,0,40.13,4.337445108,85.0,289.42,483.87,4.246635376,298,0,281.6910727,6.0,12.446,4.7694,4.359263597,0.013,0.0,483.87,0_483.87,16.0,0.0750349438451281,0.0620349438451281,
"[P6,6,6,14]+",[(iC8)2PO2]-,hexadecane,silica,0.0,0.0,319.1282666,0,-0.07,0.5,5.174799948,0,28,0.2,100.0,0,0,40.13,4.337445108,20.7,289.42,483.87,4.246635376,298,0,281.6910727,6.0,12.446,4.7694,4.359263597,0.34,5.0,483.87,5_483.87,17.0,0.3113059369818451,0.0286940630181549,
"[P6,6,6,14]+",[TFSI]-,zero,stainless steel,0.0,0.0,319.1282666,0,0.01,0.89,5.174799948,0,28,0.07,0.0,0,1,82.38,4.337445108,72.0,280.147,483.87,3.359227186,298,0,384.7328028,6.0,12.446,1.0593,5.284512596,0.88,7.0,483.87,7_483.87,18.0,0.5108541601357296,0.3691458398642704,
[BMIm]+,[I]-,zero,Au(111),0.0,8.81,190.8925906,0,-0.02,0.2,3.310978931,1,3,0.7,100.0,0,0,0.0,2.422977778,60.0,126.904,139.222,2.113761051,293,0,0.0,2.0,1.1127,-2.996,0.0,0.17,3.0,139.222,3_139.222,19.0,0.3688344217385386,0.1988344217385386,
"[P6,6,6,14]+",[TFSI]-,zero,HOPG,0.0,0.0,319.1282666,0,-0.0002,0.89,5.174799948,0,28,0.05,100.0,0,0,82.38,4.337445108,85.0,280.147,483.87,3.359227186,298,0,384.7328028,6.0,12.446,1.0593,5.284512596,0.014,0.0,483.87,0_483.87,20.0,0.0332148822972224,0.0192148822972224,
"[P6,6,6,14]+",[BMB]-,PC,Au(111),0.25,0.0,319.1282666,0,-0.02,0.835,5.174799948,0,28,0.7,3.1,0,0,71.06,4.337445108,60.0,311.078,483.87,3.97427778,298,0,682.1804819,12.0,12.446,2.0514,1.591434542,0.1288,3.0,483.87,3_483.87,21.0,0.124504502670194,0.0042954973298059,
"[P6,6,6,14]+",[(iC8)2PO2]-,zero,HOPG,0.0,0.0,319.1282666,0,-0.0002,0.89,5.174799948,0,28,0.05,100.0,0,0,40.13,4.337445108,85.0,289.42,483.87,4.246635376,298,0,281.6910727,6.0,12.446,4.7694,4.359263597,0.002,0.0,483.87,0_483.87,22.0,0.0521239264729241,0.0501239264729241,
[BMIm]+,[FAP]-,zero,Au(111),-1.0,8.81,190.8925906,0,-0.02,0.2,3.310978931,1,3,0.7,100.0,0,0,0.0,2.422977778,60.0,445.004,139.222,3.775688868,293,0,468.4882895,2.0,1.1127,7.1942,7.871070033,0.23,4.0,139.222,4_139.222,23.0,0.1879972326216571,0.0420027673783429,
[Li(G4)]+,[TFSI]-,zero,HOPG,1.0,46.15,103.3825112,0,-0.0002,0.89,3.859895249,5,12,0.05,100.0,0,0,82.38,0.0,85.0,280.147,229.222,3.359227186,298,0,384.7328028,6.0,-2.667,1.0593,5.284512596,0.01,0.0,229.222,0_229.222,24.0,0.3794390420722767,0.3694390420722767,
"[P4,4,4,1 ]+",[TFSI]-,zero,HOPG,1.0,0.0,98.62953293,0,-0.0002,0.89,3.951373459,0,9,0.05,100.0,0,0,82.38,3.889782595,85.0,280.147,217.357,3.359227186,298,0,384.7328028,6.0,5.0341,1.0593,5.284512596,0.018,0.0,217.357,0_217.357,25.0,-0.0631423800434474,0.0811423800434474,
"[P6,6,6,14]+",[BMB]-,DEGDBE,titanium,0.0,0.0,319.1282666,0,0.005,61.15,5.174799948,0,28,0.5,0.1,0,0,71.06,4.337445108,60.0,311.078,483.87,3.97427778,298,0,682.1804819,20.0,12.446,2.0514,1.591434542,0.063,2.0,483.87,2_483.87,26.0,0.0713015815965549,0.0083015815965549,
"[P6,6,6,14]+",[TFSI]-,[P66614][Doc],stainless steel,0.0,0.0,319.1282666,0,0.01,320.0,5.174799948,0,28,0.07,82.6,0,1,82.38,4.337445108,72.0,280.147,483.87,3.359227186,298,0,384.7328028,65.0,12.446,1.0593,5.284512596,0.02764,1.0,483.87,1_483.87,27.0,0.0278844799772123,0.0002444799772123,
"[P6,6,6,14]+",[(iC8)2PO2]-,hexadecane,silica,0.0,0.0,319.1282666,0,-0.07,0.5,5.174799948,0,28,0.2,1.0,0,0,40.13,4.337445108,20.7,289.42,483.87,4.246635376,298,0,281.6910727,6.0,12.446,4.7694,4.359263597,0.4,5.0,483.87,5_483.87,28.0,0.3844441125014032,0.0155558874985968,
[PA]+,[F]-,zero,mica,0.0,27.64,5.245112498,1,-0.16,0.0569,2.642365161,0,1,1.77,100.0,0,0,40.13,1.974744871,0.0,45.017,60.12,2.091441062,298,1,10.26466251,5.0,-0.3617,-1.6339,2.187496097,0.843037975,7.0,60.12,7_60.12,29.0,0.8086373821093604,0.0344005928906395,
[EA]+,[N]-,zero,mica,0.0,27.64,2.754887502,1,-0.16,0.0569,2.431285504,0,0,1.77,100.0,0,0,66.2,1.632993162,0.0,62.004,46.093,2.192174955,298,1,26.26466251,40.0,-0.7518,-0.2391,2.803039488,0.128900651,3.0,46.093,3_46.093,30.0,0.2440880131135096,0.1151873621135096,
"[P6,6,6,14]+",[(iC8)2PO2]-,zero,stainless steel,0.0,0.0,319.1282666,0,0.01,0.89,5.174799948,0,28,0.07,100.0,0,1,40.13,4.337445108,72.0,289.42,483.87,4.246635376,298,0,281.6910727,6.0,12.446,4.7694,4.359263597,0.4,5.0,483.87,5_483.87,31.0,0.4778778797400119,0.0778778797400119,
[DMEA]+,[F]-,zero,mica,0.0,4.44,17.60964047,1,-0.16,0.0569,2.824148313,0,1,1.77,100.0,0,0,40.13,2.539538861,0.0,45.017,74.147,2.091441062,298,1,10.26466251,10.0,-0.8492,-1.6339,2.187496097,0.463291139,6.0,74.147,6_74.147,32.0,0.5807813809286965,0.1174902419286964,
[C10(C1Im)2]2+,[TFSI]-,zero,mica,0.0,39.34,478.4344778,2,-0.16,0.0596,4.268585015,0,11,1.77,100.0,0,0,82.38,1.38550141,0.0,280.147,304.482,3.359227186,298,0,384.7328028,0.105,2.8978,1.0593,5.284512596,0.08,2.0,304.482,2_304.482,33.0,0.107000000426782,0.027000000426782,
[EtA]+,[N]-,zero,mica,0.0,47.87,8.0,2,-0.16,0.0569,2.543129445,1,1,1.77,100.0,0,0,66.2,1.974744871,0.0,62.004,62.092,2.192174955,298,1,26.26466251,40.0,-1.7794,-0.2391,2.803039488,0.8,6.0,62.092,6_62.092,34.0,0.7866413700044758,0.0133586299955242,
[EMIM] +,[FAP]-,zero,Au(111),0.0,8.81,166.7913934,0,-0.02,0.2,3.045073482,1,1,0.7,100.0,0,0,0.0,2.837541431,60.0,445.004,111.168,3.775688868,293,0,468.4882895,6.0,0.3325,7.1942,7.871070033,0.26,4.0,111.168,4_111.168,35.0,0.2699937775111182,0.0099937775111181,
[EMIM] +,[FAP]-,zero,Au(111),-2.0,8.81,166.7913934,0,-0.02,0.2,3.045073482,1,1,0.7,100.0,0,0,0.0,2.837541431,60.0,445.004,111.168,3.775688868,293,0,468.4882895,6.0,0.3325,7.1942,7.871070033,0.13,3.0,111.168,3_111.168,36.0,0.1428392793511914,0.0128392793511913,
"[P6,6,6,14]+",[AOT]-,zero,stainless steel,0.0,0.0,319.1282666,0,0.01,0.9,5.174799948,0,28,0.07,100.0,0,1,109.8,4.337445108,72.0,421.576,483.87,4.637037402,298,0,544.7574562,6.0,12.446,3.8095,4.726289834,0.22,3.0,483.87,3_483.87,37.0,0.3414237000757456,0.1214237000757456,
[EA]+,[N]-,zero,mica,0.0,27.64,2.754887502,1,-0.16,0.0569,2.431285504,0,0,1.77,100.0,0,0,66.2,1.632993162,0.0,62.004,46.093,2.192174955,339,1,26.26466251,10.0,-0.7518,-0.2391,2.803039488,0.303,4.0,46.093,4_46.093,39.0,0.3148265561757102,0.0118265561757102,
[EA]+,[N]-,zero,silica,0.0,27.64,2.754887502,1,-0.07,0.6,2.431285504,0,0,0.2,0.0,0,0,66.2,1.632993162,20.7,62.004,46.093,2.192174955,298,1,26.26466251,20.0,-0.7518,-0.2391,2.803039488,0.338709677,5.0,46.093,5_46.093,40.0,0.3929248461093707,0.0542151691093707,
"[P6,6,6,14]+",[AOT]-,[P66614][BTA],stainless steel,0.0,0.0,319.1282666,0,0.01,320.0,5.174799948,0,28,0.07,17.4,0,1,109.8,4.337445108,72.0,421.576,483.87,4.637037402,298,0,544.7574562,65.0,12.446,3.8095,4.726289834,0.02764,1.0,483.87,1_483.87,41.0,0.0280969469766658,0.0004569469766658,
[HMIM]+,[FAP]-,zero,HOPG,0.0,8.81,215.3680851,0,-0.0002,0.89,3.540263249,1,5,0.05,100.0,0,0,0.0,2.153242802,85.0,445.004,167.276,3.775688868,298,0,468.4882895,6.0,1.8929,7.1942,7.871070033,0.019,0.0,167.276,0_167.276,42.0,0.0648918353258162,0.0458918353258162,
[HMIM]+,[I]-,zero,stainless steel,0.0,8.81,215.3680851,0,0.01,0.89,3.540263249,1,5,0.07,100.0,0,1,0.0,2.153242802,72.0,126.904,167.276,2.113761051,298,0,0.0,6.0,1.8929,-2.996,0.0,0.46,5.0,167.276,5_167.276,43.0,0.7971002833439333,0.3371002833439333,
[BMIm]+,[AOT]-,H2O,Au(111),0.5,8.81,190.8925906,0,-0.02,0.2,3.310978931,1,3,0.7,16.5,1,0,109.8,2.422977778,60.0,421.576,139.222,4.637037402,298,0,544.7574562,6.0,1.1127,3.8095,4.726289834,0.442,5.0,139.222,5_139.222,44.0,0.375088325893467,0.0669116741065329,
[EMIM] +,[FAP]-,zero,Au(111),-0.5,8.81,166.7913934,0,-0.02,0.2,3.045073482,1,1,0.7,100.0,0,0,0.0,2.837541431,60.0,445.004,111.168,3.775688868,293,0,468.4882895,20.0,0.3325,7.1942,7.871070033,0.24,4.0,111.168,4_111.168,45.0,0.2545992921630546,0.0145992921630546,
[EMIM] +,[FAP]-,zero,Au(111),-1.0,8.81,166.7913934,0,-0.02,0.2,3.045073482,1,1,0.7,100.0,0,0,0.0,2.837541431,60.0,445.004,111.168,3.775688868,293,0,468.4882895,6.0,0.3325,7.1942,7.871070033,0.17,3.0,111.168,3_111.168,46.0,0.1863038386963189,0.0163038386963189,
"[P6,6,6,14]+",[BMB]-,PC,Au(111),-1.0,0.0,319.1282666,0,-0.02,0.835,5.174799948,0,28,0.7,3.1,0,0,71.06,4.337445108,60.0,311.078,483.87,3.97427778,298,0,682.1804819,12.0,12.446,2.0514,1.591434542,0.0987,2.0,483.87,2_483.87,47.0,0.0692014456202267,0.0294985543797732,
[EMIM] +,[FAP]-,zero,Au(111),1.5,8.81,166.7913934,0,-0.02,0.2,3.045073482,1,1,0.7,100.0,0,0,0.0,2.837541431,60.0,445.004,111.168,3.775688868,293,0,468.4882895,12.0,0.3325,7.1942,7.871070033,0.39,5.0,111.168,5_111.168,48.0,0.3759685417858759,0.0140314582141241,
[DOPIL]+,[TFSI]-,zero,silica,0.0,78.37,622.3764453,3,-0.07,6.03,4.033447586,4,6,0.2,100.0,0,0,82.38,1.69932597,20.7,280.147,290.343,3.359227186,298,0,384.7328028,2.0,0.4728,1.0593,5.284512596,2.69,7.0,290.343,7_290.343,49.0,2.71734194777441,0.0273419477744099,
[HOC3MPip]+,[TFSI]-,zero,mica,0.0,20.23,108.1303606,1,-0.16,0.0569,3.47886167,1,3,1.77,100.0,0,0,82.38,2.25045382,0.0,280.147,158.265,3.359227186,293,1,384.7328028,6.0,0.9993,1.0593,5.284512596,0.21,,,,,,,
[HOC4Py] +,[OMs]-,zero,mica,0.0,24.11,186.0140383,1,-0.16,0.0569,3.360073211,1,4,1.77,100.0,0,0,57.2,2.275801287,0.0,95.099,152.217,2.563925277,293,0,90.06147084,6.0,0.7466,-0.8386,4.062942299,0.24,,,,,,,
[HOC3Py] +,[OMs]-,zero,mica,0.0,24.11,173.8722824,1,-0.16,0.0569,3.236493461,1,3,1.77,100.0,0,0,57.2,2.426522347,0.0,95.099,138.19,2.563925277,293,0,90.06147084,6.0,0.3565,-0.8386,4.062942299,0.26,,,,,,,
[HMIM]+,[FAP]-,zero,stainless steel,0.0,8.81,215.3680851,0,0.01,0.89,3.540263249,1,5,0.07,100.0,0,1,0.0,2.153242802,72.0,445.004,167.276,3.775688868,298,0,468.4882895,6.0,1.8929,7.1942,7.871070033,1.16,,,,,,,
"[P4,4,4,1 ]+",[TFSI]-,zero,stainless steel,0.0,0.0,98.62953293,0,0.01,0.89,3.951373459,0,9,0.07,100.0,0,1,82.38,3.889782595,72.0,280.147,217.357,3.359227186,298,0,384.7328028,6.0,5.0341,1.0593,5.284512596,0.93,,,,,,,
"[Py1,4]+",[FAP]-,zero,Au(111),-0.16,0.0,92.90138861,0,-0.02,1.0,3.423597497,0,3,0.7,100.0,0,0,0.0,2.21874475,60.0,445.004,142.266,3.775688868,298,1,468.4882895,6.0,2.0269,7.1942,7.871070033,0.28,,,,,,,
