row_number,tribology_data_id,old_literature_id,new_literature_id,assigned_pdf,assigned_title,confidence,rationale
1,50,8,29,2022-an-Atomic force microscopy probing interactions and microstructures of ionic liquids at solid surfaces.pdf,Atomic force microscopy probing interactions and microstructures of ionic liquids at solid surfaces,low,Current DB only preserved imported row markers; review PDF is the only local export source spanning these additive and protic-IL systems.
2,51,8,29,2022-an-Atomic force microscopy probing interactions and microstructures of ionic liquids at solid surfaces.pdf,Atomic force microscopy probing interactions and microstructures of ionic liquids at solid surfaces,low,Current DB only preserved imported row markers; review PDF is the only local export source spanning these additive and protic-IL systems.
3,52,8,29,2022-an-Atomic force microscopy probing interactions and microstructures of ionic liquids at solid surfaces.pdf,Atomic force microscopy probing interactions and microstructures of ionic liquids at solid surfaces,low,Current DB only preserved imported row markers; review PDF is the only local export source spanning these additive and protic-IL systems.
4,53,8,29,2022-an-Atomic force microscopy probing interactions and microstructures of ionic liquids at solid surfaces.pdf,Atomic force microscopy probing interactions and microstructures of ionic liquids at solid surfaces,low,Current DB only preserved imported row markers; review PDF is the only local export source spanning these additive and protic-IL systems.
5,54,8,29,2022-an-Atomic force microscopy probing interactions and microstructures of ionic liquids at solid surfaces.pdf,Atomic force microscopy probing interactions and microstructures of ionic liquids at solid surfaces,low,Current DB only preserved imported row markers; review PDF is the only local export source spanning these additive and protic-IL systems.
6,55,8,29,2022-an-Atomic force microscopy probing interactions and microstructures of ionic liquids at solid surfaces.pdf,Atomic force microscopy probing interactions and microstructures of ionic liquids at solid surfaces,low,Current DB only preserved imported row markers; review PDF is the only local export source spanning these additive and protic-IL systems.
7,56,8,29,2022-an-Atomic force microscopy probing interactions and microstructures of ionic liquids at solid surfaces.pdf,Atomic force microscopy probing interactions and microstructures of ionic liquids at solid surfaces,low,Current DB only preserved imported row markers; review PDF is the only local export source spanning these additive and protic-IL systems.
8,57,8,29,2022-an-Atomic force microscopy probing interactions and microstructures of ionic liquids at solid surfaces.pdf,Atomic force microscopy probing interactions and microstructures of ionic liquids at solid surfaces,low,Current DB only preserved imported row markers; review PDF is the only local export source spanning these additive and protic-IL systems.
9,58,8,29,2022-an-Atomic force microscopy probing interactions and microstructures of ionic liquids at solid surfaces.pdf,Atomic force microscopy probing interactions and microstructures of ionic liquids at solid surfaces,low,Current DB only preserved imported row markers; review PDF is the only local export source spanning these additive and protic-IL systems.
10,59,8,29,2022-an-Atomic force microscopy probing interactions and microstructures of ionic liquids at solid surfaces.pdf,Atomic force microscopy probing interactions and microstructures of ionic liquids at solid surfaces,low,Current DB only preserved imported row markers; review PDF is the only local export source spanning these additive and protic-IL systems.
11,60,8,29,2022-an-Atomic force microscopy probing interactions and microstructures of ionic liquids at solid surfaces.pdf,Atomic force microscopy probing interactions and microstructures of ionic liquids at solid surfaces,low,Current DB only preserved imported row markers; review PDF is the only local export source spanning these additive and protic-IL systems.
12,61,8,29,2022-an-Atomic force microscopy probing interactions and microstructures of ionic liquids at solid surfaces.pdf,Atomic force microscopy probing interactions and microstructures of ionic liquids at solid surfaces,low,Current DB only preserved imported row markers; review PDF is the only local export source spanning these additive and protic-IL systems.
13,62,8,29,2022-an-Atomic force microscopy probing interactions and microstructures of ionic liquids at solid surfaces.pdf,Atomic force microscopy probing interactions and microstructures of ionic liquids at solid surfaces,low,Current DB only preserved imported row markers; review PDF is the only local export source spanning these additive and protic-IL systems.
14,63,8,29,2022-an-Atomic force microscopy probing interactions and microstructures of ionic liquids at solid surfaces.pdf,Atomic force microscopy probing interactions and microstructures of ionic liquids at solid surfaces,low,Current DB only preserved imported row markers; review PDF is the only local export source spanning these additive and protic-IL systems.
15,64,8,29,2022-an-Atomic force microscopy probing interactions and microstructures of ionic liquids at solid surfaces.pdf,Atomic force microscopy probing interactions and microstructures of ionic liquids at solid surfaces,low,Current DB only preserved imported row markers; review PDF is the only local export source spanning these additive and protic-IL systems.
16,65,8,29,2022-an-Atomic force microscopy probing interactions and microstructures of ionic liquids at solid surfaces.pdf,Atomic force microscopy probing interactions and microstructures of ionic liquids at solid surfaces,low,Current DB only preserved imported row markers; review PDF is the only local export source spanning these additive and protic-IL systems.
17,66,8,29,2022-an-Atomic force microscopy probing interactions and microstructures of ionic liquids at solid surfaces.pdf,Atomic force microscopy probing interactions and microstructures of ionic liquids at solid surfaces,low,Current DB only preserved imported row markers; review PDF is the only local export source spanning these additive and protic-IL systems.
18,67,8,29,2022-an-Atomic force microscopy probing interactions and microstructures of ionic liquids at solid surfaces.pdf,Atomic force microscopy probing interactions and microstructures of ionic liquids at solid surfaces,low,Current DB only preserved imported row markers; review PDF is the only local export source spanning these additive and protic-IL systems.
19,68,8,29,2022-an-Atomic force microscopy probing interactions and microstructures of ionic liquids at solid surfaces.pdf,Atomic force microscopy probing interactions and microstructures of ionic liquids at solid surfaces,low,Current DB only preserved imported row markers; review PDF is the only local export source spanning these additive and protic-IL systems.
20,69,8,29,2022-an-Atomic force microscopy probing interactions and microstructures of ionic liquids at solid surfaces.pdf,Atomic force microscopy probing interactions and microstructures of ionic liquids at solid surfaces,low,Current DB only preserved imported row markers; review PDF is the only local export source spanning these additive and protic-IL systems.
21,70,8,29,2022-an-Atomic force microscopy probing interactions and microstructures of ionic liquids at solid surfaces.pdf,Atomic force microscopy probing interactions and microstructures of ionic liquids at solid surfaces,low,Current DB only preserved imported row markers; review PDF is the only local export source spanning these additive and protic-IL systems.
22,71,8,29,2022-an-Atomic force microscopy probing interactions and microstructures of ionic liquids at solid surfaces.pdf,Atomic force microscopy probing interactions and microstructures of ionic liquids at solid surfaces,low,Current DB only preserved imported row markers; review PDF is the only local export source spanning these additive and protic-IL systems.
23,72,8,29,2022-an-Atomic force microscopy probing interactions and microstructures of ionic liquids at solid surfaces.pdf,Atomic force microscopy probing interactions and microstructures of ionic liquids at solid surfaces,low,Current DB only preserved imported row markers; review PDF is the only local export source spanning these additive and protic-IL systems.
24,73,8,29,2022-an-Atomic force microscopy probing interactions and microstructures of ionic liquids at solid surfaces.pdf,Atomic force microscopy probing interactions and microstructures of ionic liquids at solid surfaces,low,Current DB only preserved imported row markers; review PDF is the only local export source spanning these additive and protic-IL systems.
25,74,8,29,2022-an-Atomic force microscopy probing interactions and microstructures of ionic liquids at solid surfaces.pdf,Atomic force microscopy probing interactions and microstructures of ionic liquids at solid surfaces,low,Current DB only preserved imported row markers; review PDF is the only local export source spanning these additive and protic-IL systems.
26,75,8,29,2022-an-Atomic force microscopy probing interactions and microstructures of ionic liquids at solid surfaces.pdf,Atomic force microscopy probing interactions and microstructures of ionic liquids at solid surfaces,low,Current DB only preserved imported row markers; review PDF is the only local export source spanning these additive and protic-IL systems.
27,76,8,29,2022-an-Atomic force microscopy probing interactions and microstructures of ionic liquids at solid surfaces.pdf,Atomic force microscopy probing interactions and microstructures of ionic liquids at solid surfaces,low,Current DB only preserved imported row markers; review PDF is the only local export source spanning these additive and protic-IL systems.
28,77,8,29,2022-an-Atomic force microscopy probing interactions and microstructures of ionic liquids at solid surfaces.pdf,Atomic force microscopy probing interactions and microstructures of ionic liquids at solid surfaces,low,Current DB only preserved imported row markers; review PDF is the only local export source spanning these additive and protic-IL systems.
29,78,8,29,2022-an-Atomic force microscopy probing interactions and microstructures of ionic liquids at solid surfaces.pdf,Atomic force microscopy probing interactions and microstructures of ionic liquids at solid surfaces,low,Current DB only preserved imported row markers; review PDF is the only local export source spanning these additive and protic-IL systems.
30,79,8,29,2022-an-Atomic force microscopy probing interactions and microstructures of ionic liquids at solid surfaces.pdf,Atomic force microscopy probing interactions and microstructures of ionic liquids at solid surfaces,low,Current DB only preserved imported row markers; review PDF is the only local export source spanning these additive and protic-IL systems.
31,80,8,29,2022-an-Atomic force microscopy probing interactions and microstructures of ionic liquids at solid surfaces.pdf,Atomic force microscopy probing interactions and microstructures of ionic liquids at solid surfaces,low,Current DB only preserved imported row markers; review PDF is the only local export source spanning these additive and protic-IL systems.
32,81,8,29,2022-an-Atomic force microscopy probing interactions and microstructures of ionic liquids at solid surfaces.pdf,Atomic force microscopy probing interactions and microstructures of ionic liquids at solid surfaces,low,Current DB only preserved imported row markers; review PDF is the only local export source spanning these additive and protic-IL systems.
33,82,8,29,2022-an-Atomic force microscopy probing interactions and microstructures of ionic liquids at solid surfaces.pdf,Atomic force microscopy probing interactions and microstructures of ionic liquids at solid surfaces,low,Current DB only preserved imported row markers; review PDF is the only local export source spanning these additive and protic-IL systems.
34,83,8,29,2022-an-Atomic force microscopy probing interactions and microstructures of ionic liquids at solid surfaces.pdf,Atomic force microscopy probing interactions and microstructures of ionic liquids at solid surfaces,low,Current DB only preserved imported row markers; review PDF is the only local export source spanning these additive and protic-IL systems.
35,84,8,29,2022-an-Atomic force microscopy probing interactions and microstructures of ionic liquids at solid surfaces.pdf,Atomic force microscopy probing interactions and microstructures of ionic liquids at solid surfaces,low,Current DB only preserved imported row markers; review PDF is the only local export source spanning these additive and protic-IL systems.
36,85,8,29,2022-an-Atomic force microscopy probing interactions and microstructures of ionic liquids at solid surfaces.pdf,Atomic force microscopy probing interactions and microstructures of ionic liquids at solid surfaces,low,Current DB only preserved imported row markers; review PDF is the only local export source spanning these additive and protic-IL systems.
37,86,8,29,2022-an-Atomic force microscopy probing interactions and microstructures of ionic liquids at solid surfaces.pdf,Atomic force microscopy probing interactions and microstructures of ionic liquids at solid surfaces,low,Current DB only preserved imported row markers; review PDF is the only local export source spanning these additive and protic-IL systems.
38,87,8,29,2022-an-Atomic force microscopy probing interactions and microstructures of ionic liquids at solid surfaces.pdf,Atomic force microscopy probing interactions and microstructures of ionic liquids at solid surfaces,low,Current DB only preserved imported row markers; review PDF is the only local export source spanning these additive and protic-IL systems.
39,88,8,29,2022-an-Atomic force microscopy probing interactions and microstructures of ionic liquids at solid surfaces.pdf,Atomic force microscopy probing interactions and microstructures of ionic liquids at solid surfaces,low,Current DB only preserved imported row markers; review PDF is the only local export source spanning these additive and protic-IL systems.
40,89,8,29,2022-an-Atomic force microscopy probing interactions and microstructures of ionic liquids at solid surfaces.pdf,Atomic force microscopy probing interactions and microstructures of ionic liquids at solid surfaces,low,Current DB only preserved imported row markers; review PDF is the only local export source spanning these additive and protic-IL systems.
41,90,8,29,2022-an-Atomic force microscopy probing interactions and microstructures of ionic liquids at solid surfaces.pdf,Atomic force microscopy probing interactions and microstructures of ionic liquids at solid surfaces,low,Current DB only preserved imported row markers; review PDF is the only local export source spanning these additive and protic-IL systems.
42,91,8,29,2022-an-Atomic force microscopy probing interactions and microstructures of ionic liquids at solid surfaces.pdf,Atomic force microscopy probing interactions and microstructures of ionic liquids at solid surfaces,low,Current DB only preserved imported row markers; review PDF is the only local export source spanning these additive and protic-IL systems.
43,92,8,29,2022-an-Atomic force microscopy probing interactions and microstructures of ionic liquids at solid surfaces.pdf,Atomic force microscopy probing interactions and microstructures of ionic liquids at solid surfaces,low,Current DB only preserved imported row markers; review PDF is the only local export source spanning these additive and protic-IL systems.
44,93,8,29,2022-an-Atomic force microscopy probing interactions and microstructures of ionic liquids at solid surfaces.pdf,Atomic force microscopy probing interactions and microstructures of ionic liquids at solid surfaces,low,Current DB only preserved imported row markers; review PDF is the only local export source spanning these additive and protic-IL systems.
45,94,8,29,2022-an-Atomic force microscopy probing interactions and microstructures of ionic liquids at solid surfaces.pdf,Atomic force microscopy probing interactions and microstructures of ionic liquids at solid surfaces,low,Current DB only preserved imported row markers; review PDF is the only local export source spanning these additive and protic-IL systems.
46,95,8,29,2022-an-Atomic force microscopy probing interactions and microstructures of ionic liquids at solid surfaces.pdf,Atomic force microscopy probing interactions and microstructures of ionic liquids at solid surfaces,low,Current DB only preserved imported row markers; review PDF is the only local export source spanning these additive and protic-IL systems.
47,96,8,29,2022-an-Atomic force microscopy probing interactions and microstructures of ionic liquids at solid surfaces.pdf,Atomic force microscopy probing interactions and microstructures of ionic liquids at solid surfaces,low,Current DB only preserved imported row markers; review PDF is the only local export source spanning these additive and protic-IL systems.
48,97,8,29,2022-an-Atomic force microscopy probing interactions and microstructures of ionic liquids at solid surfaces.pdf,Atomic force microscopy probing interactions and microstructures of ionic liquids at solid surfaces,low,Current DB only preserved imported row markers; review PDF is the only local export source spanning these additive and protic-IL systems.
49,98,8,29,2022-an-Atomic force microscopy probing interactions and microstructures of ionic liquids at solid surfaces.pdf,Atomic force microscopy probing interactions and microstructures of ionic liquids at solid surfaces,low,Current DB only preserved imported row markers; review PDF is the only local export source spanning these additive and protic-IL systems.
50,99,8,25,2016-Rutland-Tribotronic control of friction in oil-based lubricants with ionic liquid additives.pdf,Tribotronic control of friction in oil-based lubricants with ionic liquid additives,high,"Au(111) + [P6,6,6,14][(iC8)2PO2] in hexadecane with potential-controlled nanotribology matches the exported tribotronic gold study."
51,100,8,25,2016-Rutland-Tribotronic control of friction in oil-based lubricants with ionic liquid additives.pdf,Tribotronic control of friction in oil-based lubricants with ionic liquid additives,high,"Au(111) + [P6,6,6,14][(iC8)2PO2] in hexadecane with potential-controlled nanotribology matches the exported tribotronic gold study."
52,101,8,25,2016-Rutland-Tribotronic control of friction in oil-based lubricants with ionic liquid additives.pdf,Tribotronic control of friction in oil-based lubricants with ionic liquid additives,high,"Au(111) + [P6,6,6,14][(iC8)2PO2] in hexadecane with potential-controlled nanotribology matches the exported tribotronic gold study."
53,102,8,25,2016-Rutland-Tribotronic control of friction in oil-based lubricants with ionic liquid additives.pdf,Tribotronic control of friction in oil-based lubricants with ionic liquid additives,high,"Au(111) + [P6,6,6,14][(iC8)2PO2] in hexadecane with potential-controlled nanotribology matches the exported tribotronic gold study."
54,103,8,25,2016-Rutland-Tribotronic control of friction in oil-based lubricants with ionic liquid additives.pdf,Tribotronic control of friction in oil-based lubricants with ionic liquid additives,high,"Au(111) + [P6,6,6,14][(iC8)2PO2] in hexadecane with potential-controlled nanotribology matches the exported tribotronic gold study."
55,104,8,25,2016-Rutland-Tribotronic control of friction in oil-based lubricants with ionic liquid additives.pdf,Tribotronic control of friction in oil-based lubricants with ionic liquid additives,high,"Au(111) + [P6,6,6,14][(iC8)2PO2] in hexadecane with potential-controlled nanotribology matches the exported tribotronic gold study."
56,105,8,25,2016-Rutland-Tribotronic control of friction in oil-based lubricants with ionic liquid additives.pdf,Tribotronic control of friction in oil-based lubricants with ionic liquid additives,high,"Au(111) + [P6,6,6,14][(iC8)2PO2] in hexadecane with potential-controlled nanotribology matches the exported tribotronic gold study."
57,106,8,25,2016-Rutland-Tribotronic control of friction in oil-based lubricants with ionic liquid additives.pdf,Tribotronic control of friction in oil-based lubricants with ionic liquid additives,high,"Au(111) + [P6,6,6,14][(iC8)2PO2] in hexadecane with potential-controlled nanotribology matches the exported tribotronic gold study."
58,107,8,25,2016-Rutland-Tribotronic control of friction in oil-based lubricants with ionic liquid additives.pdf,Tribotronic control of friction in oil-based lubricants with ionic liquid additives,high,"Au(111) + [P6,6,6,14][(iC8)2PO2] in hexadecane with potential-controlled nanotribology matches the exported tribotronic gold study."
59,108,8,25,2016-Rutland-Tribotronic control of friction in oil-based lubricants with ionic liquid additives.pdf,Tribotronic control of friction in oil-based lubricants with ionic liquid additives,high,"Au(111) + [P6,6,6,14][(iC8)2PO2] in hexadecane with potential-controlled nanotribology matches the exported tribotronic gold study."
60,109,8,25,2016-Rutland-Tribotronic control of friction in oil-based lubricants with ionic liquid additives.pdf,Tribotronic control of friction in oil-based lubricants with ionic liquid additives,high,"Au(111) + [P6,6,6,14][(iC8)2PO2] in hexadecane with potential-controlled nanotribology matches the exported tribotronic gold study."
61,110,8,25,2016-Rutland-Tribotronic control of friction in oil-based lubricants with ionic liquid additives.pdf,Tribotronic control of friction in oil-based lubricants with ionic liquid additives,high,"Au(111) + [P6,6,6,14][(iC8)2PO2] in hexadecane with potential-controlled nanotribology matches the exported tribotronic gold study."
62,111,8,25,2016-Rutland-Tribotronic control of friction in oil-based lubricants with ionic liquid additives.pdf,Tribotronic control of friction in oil-based lubricants with ionic liquid additives,high,"Au(111) + [P6,6,6,14][(iC8)2PO2] in hexadecane with potential-controlled nanotribology matches the exported tribotronic gold study."
63,112,8,25,2016-Rutland-Tribotronic control of friction in oil-based lubricants with ionic liquid additives.pdf,Tribotronic control of friction in oil-based lubricants with ionic liquid additives,high,"Au(111) + [P6,6,6,14][(iC8)2PO2] in hexadecane with potential-controlled nanotribology matches the exported tribotronic gold study."
64,113,8,25,2016-Rutland-Tribotronic control of friction in oil-based lubricants with ionic liquid additives.pdf,Tribotronic control of friction in oil-based lubricants with ionic liquid additives,high,"Au(111) + [P6,6,6,14][(iC8)2PO2] in hexadecane with potential-controlled nanotribology matches the exported tribotronic gold study."
65,114,8,25,2016-Rutland-Tribotronic control of friction in oil-based lubricants with ionic liquid additives.pdf,Tribotronic control of friction in oil-based lubricants with ionic liquid additives,high,"Au(111) + [P6,6,6,14][(iC8)2PO2] in hexadecane with potential-controlled nanotribology matches the exported tribotronic gold study."
66,115,8,25,2016-Rutland-Tribotronic control of friction in oil-based lubricants with ionic liquid additives.pdf,Tribotronic control of friction in oil-based lubricants with ionic liquid additives,high,"Au(111) + [P6,6,6,14][(iC8)2PO2] in hexadecane with potential-controlled nanotribology matches the exported tribotronic gold study."
67,116,8,29,2022-an-Atomic force microscopy probing interactions and microstructures of ionic liquids at solid surfaces.pdf,Atomic force microscopy probing interactions and microstructures of ionic liquids at solid surfaces,medium,Mica EAN / protic-IL row block is explicitly summarized in the export review PDF.
68,117,8,29,2022-an-Atomic force microscopy probing interactions and microstructures of ionic liquids at solid surfaces.pdf,Atomic force microscopy probing interactions and microstructures of ionic liquids at solid surfaces,medium,Mica EAN / protic-IL row block is explicitly summarized in the export review PDF.
69,118,8,29,2022-an-Atomic force microscopy probing interactions and microstructures of ionic liquids at solid surfaces.pdf,Atomic force microscopy probing interactions and microstructures of ionic liquids at solid surfaces,medium,Mica EAN / protic-IL row block is explicitly summarized in the export review PDF.
70,119,8,29,2022-an-Atomic force microscopy probing interactions and microstructures of ionic liquids at solid surfaces.pdf,Atomic force microscopy probing interactions and microstructures of ionic liquids at solid surfaces,medium,Mica EAN / protic-IL row block is explicitly summarized in the export review PDF.
71,120,8,29,2022-an-Atomic force microscopy probing interactions and microstructures of ionic liquids at solid surfaces.pdf,Atomic force microscopy probing interactions and microstructures of ionic liquids at solid surfaces,medium,Mica EAN / protic-IL row block is explicitly summarized in the export review PDF.
72,121,8,29,2022-an-Atomic force microscopy probing interactions and microstructures of ionic liquids at solid surfaces.pdf,Atomic force microscopy probing interactions and microstructures of ionic liquids at solid surfaces,medium,Mica EAN / protic-IL row block is explicitly summarized in the export review PDF.
73,122,8,29,2022-an-Atomic force microscopy probing interactions and microstructures of ionic liquids at solid surfaces.pdf,Atomic force microscopy probing interactions and microstructures of ionic liquids at solid surfaces,medium,Mica EAN / protic-IL row block is explicitly summarized in the export review PDF.
74,123,8,29,2022-an-Atomic force microscopy probing interactions and microstructures of ionic liquids at solid surfaces.pdf,Atomic force microscopy probing interactions and microstructures of ionic liquids at solid surfaces,medium,Mica EAN / protic-IL row block is explicitly summarized in the export review PDF.
75,124,8,29,2022-an-Atomic force microscopy probing interactions and microstructures of ionic liquids at solid surfaces.pdf,Atomic force microscopy probing interactions and microstructures of ionic liquids at solid surfaces,medium,Mica EAN / protic-IL row block is explicitly summarized in the export review PDF.
76,125,8,29,2022-an-Atomic force microscopy probing interactions and microstructures of ionic liquids at solid surfaces.pdf,Atomic force microscopy probing interactions and microstructures of ionic liquids at solid surfaces,medium,Mica EAN / protic-IL row block is explicitly summarized in the export review PDF.
77,126,8,29,2022-an-Atomic force microscopy probing interactions and microstructures of ionic liquids at solid surfaces.pdf,Atomic force microscopy probing interactions and microstructures of ionic liquids at solid surfaces,medium,Mica EAN / protic-IL row block is explicitly summarized in the export review PDF.
78,127,8,29,2022-an-Atomic force microscopy probing interactions and microstructures of ionic liquids at solid surfaces.pdf,Atomic force microscopy probing interactions and microstructures of ionic liquids at solid surfaces,medium,Mica EAN / protic-IL row block is explicitly summarized in the export review PDF.
79,128,8,29,2022-an-Atomic force microscopy probing interactions and microstructures of ionic liquids at solid surfaces.pdf,Atomic force microscopy probing interactions and microstructures of ionic liquids at solid surfaces,medium,Mica EAN / protic-IL row block is explicitly summarized in the export review PDF.
80,129,8,29,2022-an-Atomic force microscopy probing interactions and microstructures of ionic liquids at solid surfaces.pdf,Atomic force microscopy probing interactions and microstructures of ionic liquids at solid surfaces,medium,Mica EAN / protic-IL row block is explicitly summarized in the export review PDF.
81,130,8,29,2022-an-Atomic force microscopy probing interactions and microstructures of ionic liquids at solid surfaces.pdf,Atomic force microscopy probing interactions and microstructures of ionic liquids at solid surfaces,medium,Mica EAN / protic-IL row block is explicitly summarized in the export review PDF.
82,131,8,29,2022-an-Atomic force microscopy probing interactions and microstructures of ionic liquids at solid surfaces.pdf,Atomic force microscopy probing interactions and microstructures of ionic liquids at solid surfaces,medium,Mica EAN / protic-IL row block is explicitly summarized in the export review PDF.
83,132,8,33,"[P6,6,6,14][BMB]&PC-gold-rutland-2020.pdf",Electroresponsive structuring and friction of a non-halogenated ionic liquid in a polar solvent: effect of concentration,high,"Au(111) + [P6,6,6,14][BMB]/PC with potential- and speed-dependent friction matches the exported gold/PC tribotronic paper."
84,133,8,33,"[P6,6,6,14][BMB]&PC-gold-rutland-2020.pdf",Electroresponsive structuring and friction of a non-halogenated ionic liquid in a polar solvent: effect of concentration,high,"Au(111) + [P6,6,6,14][BMB]/PC with potential- and speed-dependent friction matches the exported gold/PC tribotronic paper."
85,134,8,33,"[P6,6,6,14][BMB]&PC-gold-rutland-2020.pdf",Electroresponsive structuring and friction of a non-halogenated ionic liquid in a polar solvent: effect of concentration,high,"Au(111) + [P6,6,6,14][BMB]/PC with potential- and speed-dependent friction matches the exported gold/PC tribotronic paper."
86,135,8,33,"[P6,6,6,14][BMB]&PC-gold-rutland-2020.pdf",Electroresponsive structuring and friction of a non-halogenated ionic liquid in a polar solvent: effect of concentration,high,"Au(111) + [P6,6,6,14][BMB]/PC with potential- and speed-dependent friction matches the exported gold/PC tribotronic paper."
87,136,8,33,"[P6,6,6,14][BMB]&PC-gold-rutland-2020.pdf",Electroresponsive structuring and friction of a non-halogenated ionic liquid in a polar solvent: effect of concentration,high,"Au(111) + [P6,6,6,14][BMB]/PC with potential- and speed-dependent friction matches the exported gold/PC tribotronic paper."
88,137,8,33,"[P6,6,6,14][BMB]&PC-gold-rutland-2020.pdf",Electroresponsive structuring and friction of a non-halogenated ionic liquid in a polar solvent: effect of concentration,high,"Au(111) + [P6,6,6,14][BMB]/PC with potential- and speed-dependent friction matches the exported gold/PC tribotronic paper."
89,138,8,33,"[P6,6,6,14][BMB]&PC-gold-rutland-2020.pdf",Electroresponsive structuring and friction of a non-halogenated ionic liquid in a polar solvent: effect of concentration,high,"Au(111) + [P6,6,6,14][BMB]/PC with potential- and speed-dependent friction matches the exported gold/PC tribotronic paper."
90,139,8,33,"[P6,6,6,14][BMB]&PC-gold-rutland-2020.pdf",Electroresponsive structuring and friction of a non-halogenated ionic liquid in a polar solvent: effect of concentration,high,"Au(111) + [P6,6,6,14][BMB]/PC with potential- and speed-dependent friction matches the exported gold/PC tribotronic paper."
91,140,8,33,"[P6,6,6,14][BMB]&PC-gold-rutland-2020.pdf",Electroresponsive structuring and friction of a non-halogenated ionic liquid in a polar solvent: effect of concentration,high,"Au(111) + [P6,6,6,14][BMB]/PC with potential- and speed-dependent friction matches the exported gold/PC tribotronic paper."
92,141,8,33,"[P6,6,6,14][BMB]&PC-gold-rutland-2020.pdf",Electroresponsive structuring and friction of a non-halogenated ionic liquid in a polar solvent: effect of concentration,high,"Au(111) + [P6,6,6,14][BMB]/PC with potential- and speed-dependent friction matches the exported gold/PC tribotronic paper."
93,142,8,33,"[P6,6,6,14][BMB]&PC-gold-rutland-2020.pdf",Electroresponsive structuring and friction of a non-halogenated ionic liquid in a polar solvent: effect of concentration,high,"Au(111) + [P6,6,6,14][BMB]/PC with potential- and speed-dependent friction matches the exported gold/PC tribotronic paper."
94,143,8,33,"[P6,6,6,14][BMB]&PC-gold-rutland-2020.pdf",Electroresponsive structuring and friction of a non-halogenated ionic liquid in a polar solvent: effect of concentration,high,"Au(111) + [P6,6,6,14][BMB]/PC with potential- and speed-dependent friction matches the exported gold/PC tribotronic paper."
95,144,8,33,"[P6,6,6,14][BMB]&PC-gold-rutland-2020.pdf",Electroresponsive structuring and friction of a non-halogenated ionic liquid in a polar solvent: effect of concentration,high,"Au(111) + [P6,6,6,14][BMB]/PC with potential- and speed-dependent friction matches the exported gold/PC tribotronic paper."
96,145,8,33,"[P6,6,6,14][BMB]&PC-gold-rutland-2020.pdf",Electroresponsive structuring and friction of a non-halogenated ionic liquid in a polar solvent: effect of concentration,high,"Au(111) + [P6,6,6,14][BMB]/PC with potential- and speed-dependent friction matches the exported gold/PC tribotronic paper."
97,146,8,33,"[P6,6,6,14][BMB]&PC-gold-rutland-2020.pdf",Electroresponsive structuring and friction of a non-halogenated ionic liquid in a polar solvent: effect of concentration,high,"Au(111) + [P6,6,6,14][BMB]/PC with potential- and speed-dependent friction matches the exported gold/PC tribotronic paper."
98,147,8,33,"[P6,6,6,14][BMB]&PC-gold-rutland-2020.pdf",Electroresponsive structuring and friction of a non-halogenated ionic liquid in a polar solvent: effect of concentration,high,"Au(111) + [P6,6,6,14][BMB]/PC with potential- and speed-dependent friction matches the exported gold/PC tribotronic paper."
99,148,8,33,"[P6,6,6,14][BMB]&PC-gold-rutland-2020.pdf",Electroresponsive structuring and friction of a non-halogenated ionic liquid in a polar solvent: effect of concentration,high,"Au(111) + [P6,6,6,14][BMB]/PC with potential- and speed-dependent friction matches the exported gold/PC tribotronic paper."
100,149,8,33,"[P6,6,6,14][BMB]&PC-gold-rutland-2020.pdf",Electroresponsive structuring and friction of a non-halogenated ionic liquid in a polar solvent: effect of concentration,high,"Au(111) + [P6,6,6,14][BMB]/PC with potential- and speed-dependent friction matches the exported gold/PC tribotronic paper."
101,150,8,33,"[P6,6,6,14][BMB]&PC-gold-rutland-2020.pdf",Electroresponsive structuring and friction of a non-halogenated ionic liquid in a polar solvent: effect of concentration,high,"Au(111) + [P6,6,6,14][BMB]/PC with potential- and speed-dependent friction matches the exported gold/PC tribotronic paper."
102,151,8,29,2022-an-Atomic force microscopy probing interactions and microstructures of ionic liquids at solid surfaces.pdf,Atomic force microscopy probing interactions and microstructures of ionic liquids at solid surfaces,medium,The export review PDF explicitly covers stainless-steel / silica nanofriction examples for these IL families.
103,152,8,29,2022-an-Atomic force microscopy probing interactions and microstructures of ionic liquids at solid surfaces.pdf,Atomic force microscopy probing interactions and microstructures of ionic liquids at solid surfaces,medium,The export review PDF explicitly covers stainless-steel / silica nanofriction examples for these IL families.
104,153,8,29,2022-an-Atomic force microscopy probing interactions and microstructures of ionic liquids at solid surfaces.pdf,Atomic force microscopy probing interactions and microstructures of ionic liquids at solid surfaces,medium,The export review PDF explicitly covers stainless-steel / silica nanofriction examples for these IL families.
105,154,8,29,2022-an-Atomic force microscopy probing interactions and microstructures of ionic liquids at solid surfaces.pdf,Atomic force microscopy probing interactions and microstructures of ionic liquids at solid surfaces,medium,The export review PDF explicitly covers stainless-steel / silica nanofriction examples for these IL families.
106,155,8,29,2022-an-Atomic force microscopy probing interactions and microstructures of ionic liquids at solid surfaces.pdf,Atomic force microscopy probing interactions and microstructures of ionic liquids at solid surfaces,medium,The export review PDF explicitly covers stainless-steel / silica nanofriction examples for these IL families.
107,156,8,29,2022-an-Atomic force microscopy probing interactions and microstructures of ionic liquids at solid surfaces.pdf,Atomic force microscopy probing interactions and microstructures of ionic liquids at solid surfaces,medium,The export review PDF explicitly covers stainless-steel / silica nanofriction examples for these IL families.
108,157,8,29,2022-an-Atomic force microscopy probing interactions and microstructures of ionic liquids at solid surfaces.pdf,Atomic force microscopy probing interactions and microstructures of ionic liquids at solid surfaces,medium,The export review PDF explicitly covers stainless-steel / silica nanofriction examples for these IL families.
109,158,8,29,2022-an-Atomic force microscopy probing interactions and microstructures of ionic liquids at solid surfaces.pdf,Atomic force microscopy probing interactions and microstructures of ionic liquids at solid surfaces,medium,The export review PDF explicitly covers stainless-steel / silica nanofriction examples for these IL families.
110,159,8,29,2022-an-Atomic force microscopy probing interactions and microstructures of ionic liquids at solid surfaces.pdf,Atomic force microscopy probing interactions and microstructures of ionic liquids at solid surfaces,medium,The export review PDF explicitly covers stainless-steel / silica nanofriction examples for these IL families.
111,160,8,29,2022-an-Atomic force microscopy probing interactions and microstructures of ionic liquids at solid surfaces.pdf,Atomic force microscopy probing interactions and microstructures of ionic liquids at solid surfaces,medium,The export review PDF explicitly covers stainless-steel / silica nanofriction examples for these IL families.
112,161,8,29,2022-an-Atomic force microscopy probing interactions and microstructures of ionic liquids at solid surfaces.pdf,Atomic force microscopy probing interactions and microstructures of ionic liquids at solid surfaces,medium,The export review PDF explicitly covers stainless-steel / silica nanofriction examples for these IL families.
113,162,8,29,2022-an-Atomic force microscopy probing interactions and microstructures of ionic liquids at solid surfaces.pdf,Atomic force microscopy probing interactions and microstructures of ionic liquids at solid surfaces,medium,The export review PDF explicitly covers stainless-steel / silica nanofriction examples for these IL families.
114,163,8,29,2022-an-Atomic force microscopy probing interactions and microstructures of ionic liquids at solid surfaces.pdf,Atomic force microscopy probing interactions and microstructures of ionic liquids at solid surfaces,medium,The export review PDF explicitly covers stainless-steel / silica nanofriction examples for these IL families.
115,164,8,29,2022-an-Atomic force microscopy probing interactions and microstructures of ionic liquids at solid surfaces.pdf,Atomic force microscopy probing interactions and microstructures of ionic liquids at solid surfaces,medium,The export review PDF explicitly covers stainless-steel / silica nanofriction examples for these IL families.
116,165,8,29,2022-an-Atomic force microscopy probing interactions and microstructures of ionic liquids at solid surfaces.pdf,Atomic force microscopy probing interactions and microstructures of ionic liquids at solid surfaces,medium,The export review PDF explicitly covers stainless-steel / silica nanofriction examples for these IL families.
117,166,8,29,2022-an-Atomic force microscopy probing interactions and microstructures of ionic liquids at solid surfaces.pdf,Atomic force microscopy probing interactions and microstructures of ionic liquids at solid surfaces,medium,The export review PDF explicitly covers stainless-steel / silica nanofriction examples for these IL families.
118,167,8,29,2022-an-Atomic force microscopy probing interactions and microstructures of ionic liquids at solid surfaces.pdf,Atomic force microscopy probing interactions and microstructures of ionic liquids at solid surfaces,medium,The export review PDF explicitly covers stainless-steel / silica nanofriction examples for these IL families.
119,168,8,29,2022-an-Atomic force microscopy probing interactions and microstructures of ionic liquids at solid surfaces.pdf,Atomic force microscopy probing interactions and microstructures of ionic liquids at solid surfaces,medium,The export review PDF explicitly covers stainless-steel / silica nanofriction examples for these IL families.
120,169,8,29,2022-an-Atomic force microscopy probing interactions and microstructures of ionic liquids at solid surfaces.pdf,Atomic force microscopy probing interactions and microstructures of ionic liquids at solid surfaces,medium,The export review PDF explicitly covers stainless-steel / silica nanofriction examples for these IL families.
121,170,8,29,2022-an-Atomic force microscopy probing interactions and microstructures of ionic liquids at solid surfaces.pdf,Atomic force microscopy probing interactions and microstructures of ionic liquids at solid surfaces,medium,The export review PDF explicitly covers stainless-steel / silica nanofriction examples for these IL families.
122,171,8,29,2022-an-Atomic force microscopy probing interactions and microstructures of ionic liquids at solid surfaces.pdf,Atomic force microscopy probing interactions and microstructures of ionic liquids at solid surfaces,medium,The export review PDF explicitly covers stainless-steel / silica nanofriction examples for these IL families.
123,172,8,29,2022-an-Atomic force microscopy probing interactions and microstructures of ionic liquids at solid surfaces.pdf,Atomic force microscopy probing interactions and microstructures of ionic liquids at solid surfaces,medium,The export review PDF explicitly covers stainless-steel / silica nanofriction examples for these IL families.
124,173,8,29,2022-an-Atomic force microscopy probing interactions and microstructures of ionic liquids at solid surfaces.pdf,Atomic force microscopy probing interactions and microstructures of ionic liquids at solid surfaces,medium,The export review PDF explicitly covers stainless-steel / silica nanofriction examples for these IL families.
125,174,8,29,2022-an-Atomic force microscopy probing interactions and microstructures of ionic liquids at solid surfaces.pdf,Atomic force microscopy probing interactions and microstructures of ionic liquids at solid surfaces,medium,The export review PDF explicitly covers stainless-steel / silica nanofriction examples for these IL families.
126,175,8,18,"([P6,6,6,14][( iC8)2PO2]-graphite-rutland-2021-supporting information.pdf",Supporting Information for Potential-Dependent Superlubricity of Ionic Liquids on a Graphite Surface,high,HOPG + phosphonium IL block matches the graphite superlubricity supporting-information PDF listing the four compared ILs.
127,176,8,18,"([P6,6,6,14][( iC8)2PO2]-graphite-rutland-2021-supporting information.pdf",Supporting Information for Potential-Dependent Superlubricity of Ionic Liquids on a Graphite Surface,high,HOPG + phosphonium IL block matches the graphite superlubricity supporting-information PDF listing the four compared ILs.
128,177,8,18,"([P6,6,6,14][( iC8)2PO2]-graphite-rutland-2021-supporting information.pdf",Supporting Information for Potential-Dependent Superlubricity of Ionic Liquids on a Graphite Surface,high,HOPG + phosphonium IL block matches the graphite superlubricity supporting-information PDF listing the four compared ILs.
129,178,8,18,"([P6,6,6,14][( iC8)2PO2]-graphite-rutland-2021-supporting information.pdf",Supporting Information for Potential-Dependent Superlubricity of Ionic Liquids on a Graphite Surface,high,HOPG + phosphonium IL block matches the graphite superlubricity supporting-information PDF listing the four compared ILs.
130,179,8,18,"([P6,6,6,14][( iC8)2PO2]-graphite-rutland-2021-supporting information.pdf",Supporting Information for Potential-Dependent Superlubricity of Ionic Liquids on a Graphite Surface,high,HOPG + phosphonium IL block matches the graphite superlubricity supporting-information PDF listing the four compared ILs.
131,180,8,18,"([P6,6,6,14][( iC8)2PO2]-graphite-rutland-2021-supporting information.pdf",Supporting Information for Potential-Dependent Superlubricity of Ionic Liquids on a Graphite Surface,high,HOPG + phosphonium IL block matches the graphite superlubricity supporting-information PDF listing the four compared ILs.
132,181,8,18,"([P6,6,6,14][( iC8)2PO2]-graphite-rutland-2021-supporting information.pdf",Supporting Information for Potential-Dependent Superlubricity of Ionic Liquids on a Graphite Surface,high,HOPG + phosphonium IL block matches the graphite superlubricity supporting-information PDF listing the four compared ILs.
133,182,8,18,"([P6,6,6,14][( iC8)2PO2]-graphite-rutland-2021-supporting information.pdf",Supporting Information for Potential-Dependent Superlubricity of Ionic Liquids on a Graphite Surface,high,HOPG + phosphonium IL block matches the graphite superlubricity supporting-information PDF listing the four compared ILs.
134,183,8,18,"([P6,6,6,14][( iC8)2PO2]-graphite-rutland-2021-supporting information.pdf",Supporting Information for Potential-Dependent Superlubricity of Ionic Liquids on a Graphite Surface,high,HOPG + phosphonium IL block matches the graphite superlubricity supporting-information PDF listing the four compared ILs.
135,184,8,18,"([P6,6,6,14][( iC8)2PO2]-graphite-rutland-2021-supporting information.pdf",Supporting Information for Potential-Dependent Superlubricity of Ionic Liquids on a Graphite Surface,high,HOPG + phosphonium IL block matches the graphite superlubricity supporting-information PDF listing the four compared ILs.
136,185,8,18,"([P6,6,6,14][( iC8)2PO2]-graphite-rutland-2021-supporting information.pdf",Supporting Information for Potential-Dependent Superlubricity of Ionic Liquids on a Graphite Surface,high,HOPG + phosphonium IL block matches the graphite superlubricity supporting-information PDF listing the four compared ILs.
137,186,8,18,"([P6,6,6,14][( iC8)2PO2]-graphite-rutland-2021-supporting information.pdf",Supporting Information for Potential-Dependent Superlubricity of Ionic Liquids on a Graphite Surface,high,HOPG + phosphonium IL block matches the graphite superlubricity supporting-information PDF listing the four compared ILs.
138,187,8,19,"(Py1,4)FAP-Au（111）-rutland-2012_SupplementalMaterial02.pdf",Supporting Information for Control of Nanoscale Friction on Gold in an Ionic Liquid by a Potential-Dependent Ionic Lubricant Layer,high,"[Py1,4][FAP] on Au(111) directly matches the exported supplemental PDF."
139,188,8,19,"(Py1,4)FAP-Au（111）-rutland-2012_SupplementalMaterial02.pdf",Supporting Information for Control of Nanoscale Friction on Gold in an Ionic Liquid by a Potential-Dependent Ionic Lubricant Layer,high,"[Py1,4][FAP] on Au(111) directly matches the exported supplemental PDF."
140,189,8,19,"(Py1,4)FAP-Au（111）-rutland-2012_SupplementalMaterial02.pdf",Supporting Information for Control of Nanoscale Friction on Gold in an Ionic Liquid by a Potential-Dependent Ionic Lubricant Layer,high,"[Py1,4][FAP] on Au(111) directly matches the exported supplemental PDF."
141,190,8,19,"(Py1,4)FAP-Au（111）-rutland-2012_SupplementalMaterial02.pdf",Supporting Information for Control of Nanoscale Friction on Gold in an Ionic Liquid by a Potential-Dependent Ionic Lubricant Layer,high,"[Py1,4][FAP] on Au(111) directly matches the exported supplemental PDF."
142,191,8,19,"(Py1,4)FAP-Au（111）-rutland-2012_SupplementalMaterial02.pdf",Supporting Information for Control of Nanoscale Friction on Gold in an Ionic Liquid by a Potential-Dependent Ionic Lubricant Layer,high,"[Py1,4][FAP] on Au(111) directly matches the exported supplemental PDF."
143,192,8,32,[HMIm] FAP-HOPG-rutland-2014-supporting information.pdf,Supporting Information for An ionic liquid lubricant enables superlubricity to be switched on in situ using an electrical potential,high,[HMIm][FAP] on HOPG directly matches the exported supplemental PDF.
144,193,8,32,[HMIm] FAP-HOPG-rutland-2014-supporting information.pdf,Supporting Information for An ionic liquid lubricant enables superlubricity to be switched on in situ using an electrical potential,high,[HMIm][FAP] on HOPG directly matches the exported supplemental PDF.
145,194,8,32,[HMIm] FAP-HOPG-rutland-2014-supporting information.pdf,Supporting Information for An ionic liquid lubricant enables superlubricity to be switched on in situ using an electrical potential,high,[HMIm][FAP] on HOPG directly matches the exported supplemental PDF.
146,195,8,32,[HMIm] FAP-HOPG-rutland-2014-supporting information.pdf,Supporting Information for An ionic liquid lubricant enables superlubricity to be switched on in situ using an electrical potential,high,[HMIm][FAP] on HOPG directly matches the exported supplemental PDF.
147,196,8,32,[HMIm] FAP-HOPG-rutland-2014-supporting information.pdf,Supporting Information for An ionic liquid lubricant enables superlubricity to be switched on in situ using an electrical potential,high,[HMIm][FAP] on HOPG directly matches the exported supplemental PDF.
148,197,8,32,[HMIm] FAP-HOPG-rutland-2014-supporting information.pdf,Supporting Information for An ionic liquid lubricant enables superlubricity to be switched on in situ using an electrical potential,high,[HMIm][FAP] on HOPG directly matches the exported supplemental PDF.
149,198,8,29,2022-an-Atomic force microscopy probing interactions and microstructures of ionic liquids at solid surfaces.pdf,Atomic force microscopy probing interactions and microstructures of ionic liquids at solid surfaces,low,Poly(ionic liquid) / BMIM-TFSI rows are only recoverable from the local review-style export sources in the current workspace snapshot.
150,199,8,29,2022-an-Atomic force microscopy probing interactions and microstructures of ionic liquids at solid surfaces.pdf,Atomic force microscopy probing interactions and microstructures of ionic liquids at solid surfaces,low,Poly(ionic liquid) / BMIM-TFSI rows are only recoverable from the local review-style export sources in the current workspace snapshot.
151,200,8,29,2022-an-Atomic force microscopy probing interactions and microstructures of ionic liquids at solid surfaces.pdf,Atomic force microscopy probing interactions and microstructures of ionic liquids at solid surfaces,low,Poly(ionic liquid) / BMIM-TFSI rows are only recoverable from the local review-style export sources in the current workspace snapshot.
152,201,8,29,2022-an-Atomic force microscopy probing interactions and microstructures of ionic liquids at solid surfaces.pdf,Atomic force microscopy probing interactions and microstructures of ionic liquids at solid surfaces,low,Poly(ionic liquid) / BMIM-TFSI rows are only recoverable from the local review-style export sources in the current workspace snapshot.
153,202,8,29,2022-an-Atomic force microscopy probing interactions and microstructures of ionic liquids at solid surfaces.pdf,Atomic force microscopy probing interactions and microstructures of ionic liquids at solid surfaces,low,Poly(ionic liquid) / BMIM-TFSI rows are only recoverable from the local review-style export sources in the current workspace snapshot.
154,203,8,29,2022-an-Atomic force microscopy probing interactions and microstructures of ionic liquids at solid surfaces.pdf,Atomic force microscopy probing interactions and microstructures of ionic liquids at solid surfaces,low,Poly(ionic liquid) / BMIM-TFSI rows are only recoverable from the local review-style export sources in the current workspace snapshot.
155,204,8,29,2022-an-Atomic force microscopy probing interactions and microstructures of ionic liquids at solid surfaces.pdf,Atomic force microscopy probing interactions and microstructures of ionic liquids at solid surfaces,low,Poly(ionic liquid) / BMIM-TFSI rows are only recoverable from the local review-style export sources in the current workspace snapshot.
156,205,8,29,2022-an-Atomic force microscopy probing interactions and microstructures of ionic liquids at solid surfaces.pdf,Atomic force microscopy probing interactions and microstructures of ionic liquids at solid surfaces,low,Poly(ionic liquid) / BMIM-TFSI rows are only recoverable from the local review-style export sources in the current workspace snapshot.
157,206,8,29,2022-an-Atomic force microscopy probing interactions and microstructures of ionic liquids at solid surfaces.pdf,Atomic force microscopy probing interactions and microstructures of ionic liquids at solid surfaces,low,Poly(ionic liquid) / BMIM-TFSI rows are only recoverable from the local review-style export sources in the current workspace snapshot.
158,207,8,29,2022-an-Atomic force microscopy probing interactions and microstructures of ionic liquids at solid surfaces.pdf,Atomic force microscopy probing interactions and microstructures of ionic liquids at solid surfaces,medium,Au(111) FAP-series and mica protic-IL rows are summarized in the export review PDF with matching systems.
159,208,8,29,2022-an-Atomic force microscopy probing interactions and microstructures of ionic liquids at solid surfaces.pdf,Atomic force microscopy probing interactions and microstructures of ionic liquids at solid surfaces,medium,Au(111) FAP-series and mica protic-IL rows are summarized in the export review PDF with matching systems.
160,209,8,29,2022-an-Atomic force microscopy probing interactions and microstructures of ionic liquids at solid surfaces.pdf,Atomic force microscopy probing interactions and microstructures of ionic liquids at solid surfaces,medium,Au(111) FAP-series and mica protic-IL rows are summarized in the export review PDF with matching systems.
161,210,8,29,2022-an-Atomic force microscopy probing interactions and microstructures of ionic liquids at solid surfaces.pdf,Atomic force microscopy probing interactions and microstructures of ionic liquids at solid surfaces,medium,Au(111) FAP-series and mica protic-IL rows are summarized in the export review PDF with matching systems.
162,211,8,29,2022-an-Atomic force microscopy probing interactions and microstructures of ionic liquids at solid surfaces.pdf,Atomic force microscopy probing interactions and microstructures of ionic liquids at solid surfaces,medium,Au(111) FAP-series and mica protic-IL rows are summarized in the export review PDF with matching systems.
163,212,8,29,2022-an-Atomic force microscopy probing interactions and microstructures of ionic liquids at solid surfaces.pdf,Atomic force microscopy probing interactions and microstructures of ionic liquids at solid surfaces,medium,Au(111) FAP-series and mica protic-IL rows are summarized in the export review PDF with matching systems.
164,213,8,29,2022-an-Atomic force microscopy probing interactions and microstructures of ionic liquids at solid surfaces.pdf,Atomic force microscopy probing interactions and microstructures of ionic liquids at solid surfaces,medium,Au(111) FAP-series and mica protic-IL rows are summarized in the export review PDF with matching systems.
165,214,8,29,2022-an-Atomic force microscopy probing interactions and microstructures of ionic liquids at solid surfaces.pdf,Atomic force microscopy probing interactions and microstructures of ionic liquids at solid surfaces,medium,Au(111) FAP-series and mica protic-IL rows are summarized in the export review PDF with matching systems.
166,215,8,29,2022-an-Atomic force microscopy probing interactions and microstructures of ionic liquids at solid surfaces.pdf,Atomic force microscopy probing interactions and microstructures of ionic liquids at solid surfaces,medium,Au(111) FAP-series and mica protic-IL rows are summarized in the export review PDF with matching systems.
167,216,8,29,2022-an-Atomic force microscopy probing interactions and microstructures of ionic liquids at solid surfaces.pdf,Atomic force microscopy probing interactions and microstructures of ionic liquids at solid surfaces,medium,Au(111) FAP-series and mica protic-IL rows are summarized in the export review PDF with matching systems.
168,217,8,29,2022-an-Atomic force microscopy probing interactions and microstructures of ionic liquids at solid surfaces.pdf,Atomic force microscopy probing interactions and microstructures of ionic liquids at solid surfaces,medium,Au(111) FAP-series and mica protic-IL rows are summarized in the export review PDF with matching systems.
169,218,8,29,2022-an-Atomic force microscopy probing interactions and microstructures of ionic liquids at solid surfaces.pdf,Atomic force microscopy probing interactions and microstructures of ionic liquids at solid surfaces,medium,Au(111) FAP-series and mica protic-IL rows are summarized in the export review PDF with matching systems.
170,219,8,29,2022-an-Atomic force microscopy probing interactions and microstructures of ionic liquids at solid surfaces.pdf,Atomic force microscopy probing interactions and microstructures of ionic liquids at solid surfaces,medium,Au(111) FAP-series and mica protic-IL rows are summarized in the export review PDF with matching systems.
171,220,8,29,2022-an-Atomic force microscopy probing interactions and microstructures of ionic liquids at solid surfaces.pdf,Atomic force microscopy probing interactions and microstructures of ionic liquids at solid surfaces,medium,Au(111) FAP-series and mica protic-IL rows are summarized in the export review PDF with matching systems.
172,221,8,29,2022-an-Atomic force microscopy probing interactions and microstructures of ionic liquids at solid surfaces.pdf,Atomic force microscopy probing interactions and microstructures of ionic liquids at solid surfaces,medium,Au(111) FAP-series and mica protic-IL rows are summarized in the export review PDF with matching systems.
173,222,8,29,2022-an-Atomic force microscopy probing interactions and microstructures of ionic liquids at solid surfaces.pdf,Atomic force microscopy probing interactions and microstructures of ionic liquids at solid surfaces,medium,Au(111) FAP-series and mica protic-IL rows are summarized in the export review PDF with matching systems.
174,223,8,29,2022-an-Atomic force microscopy probing interactions and microstructures of ionic liquids at solid surfaces.pdf,Atomic force microscopy probing interactions and microstructures of ionic liquids at solid surfaces,medium,Au(111) FAP-series and mica protic-IL rows are summarized in the export review PDF with matching systems.
175,224,8,29,2022-an-Atomic force microscopy probing interactions and microstructures of ionic liquids at solid surfaces.pdf,Atomic force microscopy probing interactions and microstructures of ionic liquids at solid surfaces,medium,Au(111) FAP-series and mica protic-IL rows are summarized in the export review PDF with matching systems.
176,225,8,29,2022-an-Atomic force microscopy probing interactions and microstructures of ionic liquids at solid surfaces.pdf,Atomic force microscopy probing interactions and microstructures of ionic liquids at solid surfaces,medium,Au(111) FAP-series and mica protic-IL rows are summarized in the export review PDF with matching systems.
177,226,8,29,2022-an-Atomic force microscopy probing interactions and microstructures of ionic liquids at solid surfaces.pdf,Atomic force microscopy probing interactions and microstructures of ionic liquids at solid surfaces,medium,Au(111) FAP-series and mica protic-IL rows are summarized in the export review PDF with matching systems.
178,227,8,29,2022-an-Atomic force microscopy probing interactions and microstructures of ionic liquids at solid surfaces.pdf,Atomic force microscopy probing interactions and microstructures of ionic liquids at solid surfaces,medium,Au(111) FAP-series and mica protic-IL rows are summarized in the export review PDF with matching systems.
179,228,8,29,2022-an-Atomic force microscopy probing interactions and microstructures of ionic liquids at solid surfaces.pdf,Atomic force microscopy probing interactions and microstructures of ionic liquids at solid surfaces,medium,Au(111) FAP-series and mica protic-IL rows are summarized in the export review PDF with matching systems.
180,229,8,29,2022-an-Atomic force microscopy probing interactions and microstructures of ionic liquids at solid surfaces.pdf,Atomic force microscopy probing interactions and microstructures of ionic liquids at solid surfaces,medium,Au(111) FAP-series and mica protic-IL rows are summarized in the export review PDF with matching systems.
181,230,8,29,2022-an-Atomic force microscopy probing interactions and microstructures of ionic liquids at solid surfaces.pdf,Atomic force microscopy probing interactions and microstructures of ionic liquids at solid surfaces,medium,Au(111) FAP-series and mica protic-IL rows are summarized in the export review PDF with matching systems.
182,231,8,29,2022-an-Atomic force microscopy probing interactions and microstructures of ionic liquids at solid surfaces.pdf,Atomic force microscopy probing interactions and microstructures of ionic liquids at solid surfaces,medium,Au(111) FAP-series and mica protic-IL rows are summarized in the export review PDF with matching systems.
183,232,8,29,2022-an-Atomic force microscopy probing interactions and microstructures of ionic liquids at solid surfaces.pdf,Atomic force microscopy probing interactions and microstructures of ionic liquids at solid surfaces,medium,Au(111) FAP-series and mica protic-IL rows are summarized in the export review PDF with matching systems.
184,233,8,29,2022-an-Atomic force microscopy probing interactions and microstructures of ionic liquids at solid surfaces.pdf,Atomic force microscopy probing interactions and microstructures of ionic liquids at solid surfaces,medium,Au(111) FAP-series and mica protic-IL rows are summarized in the export review PDF with matching systems.
185,234,8,29,2022-an-Atomic force microscopy probing interactions and microstructures of ionic liquids at solid surfaces.pdf,Atomic force microscopy probing interactions and microstructures of ionic liquids at solid surfaces,medium,Au(111) FAP-series and mica protic-IL rows are summarized in the export review PDF with matching systems.
186,235,8,29,2022-an-Atomic force microscopy probing interactions and microstructures of ionic liquids at solid surfaces.pdf,Atomic force microscopy probing interactions and microstructures of ionic liquids at solid surfaces,medium,Au(111) FAP-series and mica protic-IL rows are summarized in the export review PDF with matching systems.
187,236,8,29,2022-an-Atomic force microscopy probing interactions and microstructures of ionic liquids at solid surfaces.pdf,Atomic force microscopy probing interactions and microstructures of ionic liquids at solid surfaces,medium,Au(111) FAP-series and mica protic-IL rows are summarized in the export review PDF with matching systems.
188,237,8,29,2022-an-Atomic force microscopy probing interactions and microstructures of ionic liquids at solid surfaces.pdf,Atomic force microscopy probing interactions and microstructures of ionic liquids at solid surfaces,medium,Au(111) FAP-series and mica protic-IL rows are summarized in the export review PDF with matching systems.
189,238,8,29,2022-an-Atomic force microscopy probing interactions and microstructures of ionic liquids at solid surfaces.pdf,Atomic force microscopy probing interactions and microstructures of ionic liquids at solid surfaces,medium,Au(111) FAP-series and mica protic-IL rows are summarized in the export review PDF with matching systems.
190,239,8,29,2022-an-Atomic force microscopy probing interactions and microstructures of ionic liquids at solid surfaces.pdf,Atomic force microscopy probing interactions and microstructures of ionic liquids at solid surfaces,medium,Au(111) FAP-series and mica protic-IL rows are summarized in the export review PDF with matching systems.
191,240,8,29,2022-an-Atomic force microscopy probing interactions and microstructures of ionic liquids at solid surfaces.pdf,Atomic force microscopy probing interactions and microstructures of ionic liquids at solid surfaces,medium,Au(111) FAP-series and mica protic-IL rows are summarized in the export review PDF with matching systems.
192,241,8,29,2022-an-Atomic force microscopy probing interactions and microstructures of ionic liquids at solid surfaces.pdf,Atomic force microscopy probing interactions and microstructures of ionic liquids at solid surfaces,medium,Au(111) FAP-series and mica protic-IL rows are summarized in the export review PDF with matching systems.
193,242,8,29,2022-an-Atomic force microscopy probing interactions and microstructures of ionic liquids at solid surfaces.pdf,Atomic force microscopy probing interactions and microstructures of ionic liquids at solid surfaces,medium,Au(111) FAP-series and mica protic-IL rows are summarized in the export review PDF with matching systems.
194,243,8,29,2022-an-Atomic force microscopy probing interactions and microstructures of ionic liquids at solid surfaces.pdf,Atomic force microscopy probing interactions and microstructures of ionic liquids at solid surfaces,medium,Au(111) FAP-series and mica protic-IL rows are summarized in the export review PDF with matching systems.
195,244,8,29,2022-an-Atomic force microscopy probing interactions and microstructures of ionic liquids at solid surfaces.pdf,Atomic force microscopy probing interactions and microstructures of ionic liquids at solid surfaces,medium,Au(111) FAP-series and mica protic-IL rows are summarized in the export review PDF with matching systems.
196,245,8,29,2022-an-Atomic force microscopy probing interactions and microstructures of ionic liquids at solid surfaces.pdf,Atomic force microscopy probing interactions and microstructures of ionic liquids at solid surfaces,medium,Au(111) FAP-series and mica protic-IL rows are summarized in the export review PDF with matching systems.
197,246,8,29,2022-an-Atomic force microscopy probing interactions and microstructures of ionic liquids at solid surfaces.pdf,Atomic force microscopy probing interactions and microstructures of ionic liquids at solid surfaces,medium,Au(111) FAP-series and mica protic-IL rows are summarized in the export review PDF with matching systems.
198,247,8,29,2022-an-Atomic force microscopy probing interactions and microstructures of ionic liquids at solid surfaces.pdf,Atomic force microscopy probing interactions and microstructures of ionic liquids at solid surfaces,medium,Au(111) FAP-series and mica protic-IL rows are summarized in the export review PDF with matching systems.
199,248,8,29,2022-an-Atomic force microscopy probing interactions and microstructures of ionic liquids at solid surfaces.pdf,Atomic force microscopy probing interactions and microstructures of ionic liquids at solid surfaces,medium,Au(111) FAP-series and mica protic-IL rows are summarized in the export review PDF with matching systems.
200,249,8,29,2022-an-Atomic force microscopy probing interactions and microstructures of ionic liquids at solid surfaces.pdf,Atomic force microscopy probing interactions and microstructures of ionic liquids at solid surfaces,medium,Au(111) FAP-series and mica protic-IL rows are summarized in the export review PDF with matching systems.
201,250,8,29,2022-an-Atomic force microscopy probing interactions and microstructures of ionic liquids at solid surfaces.pdf,Atomic force microscopy probing interactions and microstructures of ionic liquids at solid surfaces,medium,Au(111) FAP-series and mica protic-IL rows are summarized in the export review PDF with matching systems.
202,251,8,29,2022-an-Atomic force microscopy probing interactions and microstructures of ionic liquids at solid surfaces.pdf,Atomic force microscopy probing interactions and microstructures of ionic liquids at solid surfaces,medium,Au(111) FAP-series and mica protic-IL rows are summarized in the export review PDF with matching systems.
203,252,8,29,2022-an-Atomic force microscopy probing interactions and microstructures of ionic liquids at solid surfaces.pdf,Atomic force microscopy probing interactions and microstructures of ionic liquids at solid surfaces,medium,Au(111) FAP-series and mica protic-IL rows are summarized in the export review PDF with matching systems.
204,253,8,29,2022-an-Atomic force microscopy probing interactions and microstructures of ionic liquids at solid surfaces.pdf,Atomic force microscopy probing interactions and microstructures of ionic liquids at solid surfaces,medium,Au(111) FAP-series and mica protic-IL rows are summarized in the export review PDF with matching systems.
205,254,8,29,2022-an-Atomic force microscopy probing interactions and microstructures of ionic liquids at solid surfaces.pdf,Atomic force microscopy probing interactions and microstructures of ionic liquids at solid surfaces,medium,Au(111) FAP-series and mica protic-IL rows are summarized in the export review PDF with matching systems.
206,255,8,29,2022-an-Atomic force microscopy probing interactions and microstructures of ionic liquids at solid surfaces.pdf,Atomic force microscopy probing interactions and microstructures of ionic liquids at solid surfaces,medium,Au(111) FAP-series and mica protic-IL rows are summarized in the export review PDF with matching systems.
207,256,8,29,2022-an-Atomic force microscopy probing interactions and microstructures of ionic liquids at solid surfaces.pdf,Atomic force microscopy probing interactions and microstructures of ionic liquids at solid surfaces,medium,Au(111) FAP-series and mica protic-IL rows are summarized in the export review PDF with matching systems.
208,257,8,29,2022-an-Atomic force microscopy probing interactions and microstructures of ionic liquids at solid surfaces.pdf,Atomic force microscopy probing interactions and microstructures of ionic liquids at solid surfaces,medium,Au(111) FAP-series and mica protic-IL rows are summarized in the export review PDF with matching systems.
209,258,8,23,2016-rutland-Addition of low concentrations of an ionic liquid to a base oil reduces friction over multiple length scales  a combined nano- and macrotribology investigation.pdf,Addition of low concentrations of an ionic liquid to a base oil reduces friction over multiple length scales: a combined nano- and macrotribology investigation,high,"Silica + [P6,6,6,14][(iC8)2PO2]/hexadecane matches the combined nano/macro silica study."
210,259,8,23,2016-rutland-Addition of low concentrations of an ionic liquid to a base oil reduces friction over multiple length scales  a combined nano- and macrotribology investigation.pdf,Addition of low concentrations of an ionic liquid to a base oil reduces friction over multiple length scales: a combined nano- and macrotribology investigation,high,"Silica + [P6,6,6,14][(iC8)2PO2]/hexadecane matches the combined nano/macro silica study."
211,260,8,23,2016-rutland-Addition of low concentrations of an ionic liquid to a base oil reduces friction over multiple length scales  a combined nano- and macrotribology investigation.pdf,Addition of low concentrations of an ionic liquid to a base oil reduces friction over multiple length scales: a combined nano- and macrotribology investigation,high,"Silica + [P6,6,6,14][(iC8)2PO2]/hexadecane matches the combined nano/macro silica study."
212,261,8,23,2016-rutland-Addition of low concentrations of an ionic liquid to a base oil reduces friction over multiple length scales  a combined nano- and macrotribology investigation.pdf,Addition of low concentrations of an ionic liquid to a base oil reduces friction over multiple length scales: a combined nano- and macrotribology investigation,high,"Silica + [P6,6,6,14][(iC8)2PO2]/hexadecane matches the combined nano/macro silica study."
213,262,8,23,2016-rutland-Addition of low concentrations of an ionic liquid to a base oil reduces friction over multiple length scales  a combined nano- and macrotribology investigation.pdf,Addition of low concentrations of an ionic liquid to a base oil reduces friction over multiple length scales: a combined nano- and macrotribology investigation,high,"Silica + [P6,6,6,14][(iC8)2PO2]/hexadecane matches the combined nano/macro silica study."
214,263,8,23,2016-rutland-Addition of low concentrations of an ionic liquid to a base oil reduces friction over multiple length scales  a combined nano- and macrotribology investigation.pdf,Addition of low concentrations of an ionic liquid to a base oil reduces friction over multiple length scales: a combined nano- and macrotribology investigation,high,"Silica + [P6,6,6,14][(iC8)2PO2]/hexadecane matches the combined nano/macro silica study."
215,264,8,29,2022-an-Atomic force microscopy probing interactions and microstructures of ionic liquids at solid surfaces.pdf,Atomic force microscopy probing interactions and microstructures of ionic liquids at solid surfaces,medium,Titania + DEGDBE phosphonium mixtures are explicitly summarized in the export review PDF.
216,265,8,29,2022-an-Atomic force microscopy probing interactions and microstructures of ionic liquids at solid surfaces.pdf,Atomic force microscopy probing interactions and microstructures of ionic liquids at solid surfaces,medium,Titania + DEGDBE phosphonium mixtures are explicitly summarized in the export review PDF.
217,266,8,29,2022-an-Atomic force microscopy probing interactions and microstructures of ionic liquids at solid surfaces.pdf,Atomic force microscopy probing interactions and microstructures of ionic liquids at solid surfaces,medium,Titania + DEGDBE phosphonium mixtures are explicitly summarized in the export review PDF.
218,267,8,29,2022-an-Atomic force microscopy probing interactions and microstructures of ionic liquids at solid surfaces.pdf,Atomic force microscopy probing interactions and microstructures of ionic liquids at solid surfaces,medium,Titania + DEGDBE phosphonium mixtures are explicitly summarized in the export review PDF.
219,268,8,29,2022-an-Atomic force microscopy probing interactions and microstructures of ionic liquids at solid surfaces.pdf,Atomic force microscopy probing interactions and microstructures of ionic liquids at solid surfaces,medium,Titania + DEGDBE phosphonium mixtures are explicitly summarized in the export review PDF.
220,269,8,29,2022-an-Atomic force microscopy probing interactions and microstructures of ionic liquids at solid surfaces.pdf,Atomic force microscopy probing interactions and microstructures of ionic liquids at solid surfaces,medium,Titania + DEGDBE phosphonium mixtures are explicitly summarized in the export review PDF.
221,270,8,29,2022-an-Atomic force microscopy probing interactions and microstructures of ionic liquids at solid surfaces.pdf,Atomic force microscopy probing interactions and microstructures of ionic liquids at solid surfaces,medium,Titania + DEGDBE phosphonium mixtures are explicitly summarized in the export review PDF.
222,271,8,29,2022-an-Atomic force microscopy probing interactions and microstructures of ionic liquids at solid surfaces.pdf,Atomic force microscopy probing interactions and microstructures of ionic liquids at solid surfaces,medium,Titania + DEGDBE phosphonium mixtures are explicitly summarized in the export review PDF.
223,272,8,29,2022-an-Atomic force microscopy probing interactions and microstructures of ionic liquids at solid surfaces.pdf,Atomic force microscopy probing interactions and microstructures of ionic liquids at solid surfaces,medium,Titania + DEGDBE phosphonium mixtures are explicitly summarized in the export review PDF.
224,273,8,29,2022-an-Atomic force microscopy probing interactions and microstructures of ionic liquids at solid surfaces.pdf,Atomic force microscopy probing interactions and microstructures of ionic liquids at solid surfaces,medium,Titania + DEGDBE phosphonium mixtures are explicitly summarized in the export review PDF.
225,274,8,29,2022-an-Atomic force microscopy probing interactions and microstructures of ionic liquids at solid surfaces.pdf,Atomic force microscopy probing interactions and microstructures of ionic liquids at solid surfaces,medium,Titania + DEGDBE phosphonium mixtures are explicitly summarized in the export review PDF.
226,275,8,29,2022-an-Atomic force microscopy probing interactions and microstructures of ionic liquids at solid surfaces.pdf,Atomic force microscopy probing interactions and microstructures of ionic liquids at solid surfaces,medium,Titania + DEGDBE phosphonium mixtures are explicitly summarized in the export review PDF.
227,276,8,29,2022-an-Atomic force microscopy probing interactions and microstructures of ionic liquids at solid surfaces.pdf,Atomic force microscopy probing interactions and microstructures of ionic liquids at solid surfaces,medium,Solvate ionic-liquid Au/HOPG systems are recoverable from the export review PDF in the current local corpus.
228,277,8,29,2022-an-Atomic force microscopy probing interactions and microstructures of ionic liquids at solid surfaces.pdf,Atomic force microscopy probing interactions and microstructures of ionic liquids at solid surfaces,medium,Solvate ionic-liquid Au/HOPG systems are recoverable from the export review PDF in the current local corpus.
229,278,8,29,2022-an-Atomic force microscopy probing interactions and microstructures of ionic liquids at solid surfaces.pdf,Atomic force microscopy probing interactions and microstructures of ionic liquids at solid surfaces,medium,Solvate ionic-liquid Au/HOPG systems are recoverable from the export review PDF in the current local corpus.
230,279,8,29,2022-an-Atomic force microscopy probing interactions and microstructures of ionic liquids at solid surfaces.pdf,Atomic force microscopy probing interactions and microstructures of ionic liquids at solid surfaces,medium,Solvate ionic-liquid Au/HOPG systems are recoverable from the export review PDF in the current local corpus.
231,280,8,29,2022-an-Atomic force microscopy probing interactions and microstructures of ionic liquids at solid surfaces.pdf,Atomic force microscopy probing interactions and microstructures of ionic liquids at solid surfaces,medium,Solvate ionic-liquid Au/HOPG systems are recoverable from the export review PDF in the current local corpus.
232,281,8,29,2022-an-Atomic force microscopy probing interactions and microstructures of ionic liquids at solid surfaces.pdf,Atomic force microscopy probing interactions and microstructures of ionic liquids at solid surfaces,medium,Solvate ionic-liquid Au/HOPG systems are recoverable from the export review PDF in the current local corpus.
233,282,8,29,2022-an-Atomic force microscopy probing interactions and microstructures of ionic liquids at solid surfaces.pdf,Atomic force microscopy probing interactions and microstructures of ionic liquids at solid surfaces,medium,Solvate ionic-liquid Au/HOPG systems are recoverable from the export review PDF in the current local corpus.
234,283,8,29,2022-an-Atomic force microscopy probing interactions and microstructures of ionic liquids at solid surfaces.pdf,Atomic force microscopy probing interactions and microstructures of ionic liquids at solid surfaces,medium,Solvate ionic-liquid Au/HOPG systems are recoverable from the export review PDF in the current local corpus.
235,284,8,29,2022-an-Atomic force microscopy probing interactions and microstructures of ionic liquids at solid surfaces.pdf,Atomic force microscopy probing interactions and microstructures of ionic liquids at solid surfaces,medium,Solvate ionic-liquid Au/HOPG systems are recoverable from the export review PDF in the current local corpus.
236,285,8,29,2022-an-Atomic force microscopy probing interactions and microstructures of ionic liquids at solid surfaces.pdf,Atomic force microscopy probing interactions and microstructures of ionic liquids at solid surfaces,medium,Solvate ionic-liquid Au/HOPG systems are recoverable from the export review PDF in the current local corpus.
237,286,8,29,2022-an-Atomic force microscopy probing interactions and microstructures of ionic liquids at solid surfaces.pdf,Atomic force microscopy probing interactions and microstructures of ionic liquids at solid surfaces,medium,Solvate ionic-liquid Au/HOPG systems are recoverable from the export review PDF in the current local corpus.
238,287,8,29,2022-an-Atomic force microscopy probing interactions and microstructures of ionic liquids at solid surfaces.pdf,Atomic force microscopy probing interactions and microstructures of ionic liquids at solid surfaces,medium,Solvate ionic-liquid Au/HOPG systems are recoverable from the export review PDF in the current local corpus.
239,288,8,29,2022-an-Atomic force microscopy probing interactions and microstructures of ionic liquids at solid surfaces.pdf,Atomic force microscopy probing interactions and microstructures of ionic liquids at solid surfaces,medium,Solvate ionic-liquid Au/HOPG systems are recoverable from the export review PDF in the current local corpus.
240,289,8,29,2022-an-Atomic force microscopy probing interactions and microstructures of ionic liquids at solid surfaces.pdf,Atomic force microscopy probing interactions and microstructures of ionic liquids at solid surfaces,medium,Solvate ionic-liquid Au/HOPG systems are recoverable from the export review PDF in the current local corpus.
241,290,8,29,2022-an-Atomic force microscopy probing interactions and microstructures of ionic liquids at solid surfaces.pdf,Atomic force microscopy probing interactions and microstructures of ionic liquids at solid surfaces,medium,Solvate ionic-liquid Au/HOPG systems are recoverable from the export review PDF in the current local corpus.
242,291,8,29,2022-an-Atomic force microscopy probing interactions and microstructures of ionic liquids at solid surfaces.pdf,Atomic force microscopy probing interactions and microstructures of ionic liquids at solid surfaces,high,Silica/mica protic IL and BMIM-BF4 rows are explicitly summarized in the export review PDF.
243,292,8,29,2022-an-Atomic force microscopy probing interactions and microstructures of ionic liquids at solid surfaces.pdf,Atomic force microscopy probing interactions and microstructures of ionic liquids at solid surfaces,high,Silica/mica protic IL and BMIM-BF4 rows are explicitly summarized in the export review PDF.
244,293,8,29,2022-an-Atomic force microscopy probing interactions and microstructures of ionic liquids at solid surfaces.pdf,Atomic force microscopy probing interactions and microstructures of ionic liquids at solid surfaces,high,Silica/mica protic IL and BMIM-BF4 rows are explicitly summarized in the export review PDF.
245,294,8,29,2022-an-Atomic force microscopy probing interactions and microstructures of ionic liquids at solid surfaces.pdf,Atomic force microscopy probing interactions and microstructures of ionic liquids at solid surfaces,high,Silica/mica protic IL and BMIM-BF4 rows are explicitly summarized in the export review PDF.
246,295,8,29,2022-an-Atomic force microscopy probing interactions and microstructures of ionic liquids at solid surfaces.pdf,Atomic force microscopy probing interactions and microstructures of ionic liquids at solid surfaces,high,Silica/mica protic IL and BMIM-BF4 rows are explicitly summarized in the export review PDF.
247,296,8,29,2022-an-Atomic force microscopy probing interactions and microstructures of ionic liquids at solid surfaces.pdf,Atomic force microscopy probing interactions and microstructures of ionic liquids at solid surfaces,high,Silica/mica protic IL and BMIM-BF4 rows are explicitly summarized in the export review PDF.
248,297,8,29,2022-an-Atomic force microscopy probing interactions and microstructures of ionic liquids at solid surfaces.pdf,Atomic force microscopy probing interactions and microstructures of ionic liquids at solid surfaces,high,Silica/mica protic IL and BMIM-BF4 rows are explicitly summarized in the export review PDF.
249,298,8,29,2022-an-Atomic force microscopy probing interactions and microstructures of ionic liquids at solid surfaces.pdf,Atomic force microscopy probing interactions and microstructures of ionic liquids at solid surfaces,high,Silica/mica protic IL and BMIM-BF4 rows are explicitly summarized in the export review PDF.
250,299,8,29,2022-an-Atomic force microscopy probing interactions and microstructures of ionic liquids at solid surfaces.pdf,Atomic force microscopy probing interactions and microstructures of ionic liquids at solid surfaces,high,Silica/mica protic IL and BMIM-BF4 rows are explicitly summarized in the export review PDF.
251,300,8,29,2022-an-Atomic force microscopy probing interactions and microstructures of ionic liquids at solid surfaces.pdf,Atomic force microscopy probing interactions and microstructures of ionic liquids at solid surfaces,high,Silica/mica protic IL and BMIM-BF4 rows are explicitly summarized in the export review PDF.
252,301,8,29,2022-an-Atomic force microscopy probing interactions and microstructures of ionic liquids at solid surfaces.pdf,Atomic force microscopy probing interactions and microstructures of ionic liquids at solid surfaces,high,Silica/mica protic IL and BMIM-BF4 rows are explicitly summarized in the export review PDF.
253,302,8,29,2022-an-Atomic force microscopy probing interactions and microstructures of ionic liquids at solid surfaces.pdf,Atomic force microscopy probing interactions and microstructures of ionic liquids at solid surfaces,high,Silica/mica protic IL and BMIM-BF4 rows are explicitly summarized in the export review PDF.
254,303,8,29,2022-an-Atomic force microscopy probing interactions and microstructures of ionic liquids at solid surfaces.pdf,Atomic force microscopy probing interactions and microstructures of ionic liquids at solid surfaces,high,Silica/mica protic IL and BMIM-BF4 rows are explicitly summarized in the export review PDF.
255,304,8,29,2022-an-Atomic force microscopy probing interactions and microstructures of ionic liquids at solid surfaces.pdf,Atomic force microscopy probing interactions and microstructures of ionic liquids at solid surfaces,high,Silica/mica protic IL and BMIM-BF4 rows are explicitly summarized in the export review PDF.
256,305,8,29,2022-an-Atomic force microscopy probing interactions and microstructures of ionic liquids at solid surfaces.pdf,Atomic force microscopy probing interactions and microstructures of ionic liquids at solid surfaces,high,Silica/mica protic IL and BMIM-BF4 rows are explicitly summarized in the export review PDF.
257,306,8,29,2022-an-Atomic force microscopy probing interactions and microstructures of ionic liquids at solid surfaces.pdf,Atomic force microscopy probing interactions and microstructures of ionic liquids at solid surfaces,high,Silica/mica protic IL and BMIM-BF4 rows are explicitly summarized in the export review PDF.
258,307,8,29,2022-an-Atomic force microscopy probing interactions and microstructures of ionic liquids at solid surfaces.pdf,Atomic force microscopy probing interactions and microstructures of ionic liquids at solid surfaces,high,Silica/mica protic IL and BMIM-BF4 rows are explicitly summarized in the export review PDF.
259,308,8,29,2022-an-Atomic force microscopy probing interactions and microstructures of ionic liquids at solid surfaces.pdf,Atomic force microscopy probing interactions and microstructures of ionic liquids at solid surfaces,high,Silica/mica protic IL and BMIM-BF4 rows are explicitly summarized in the export review PDF.
260,309,8,29,2022-an-Atomic force microscopy probing interactions and microstructures of ionic liquids at solid surfaces.pdf,Atomic force microscopy probing interactions and microstructures of ionic liquids at solid surfaces,high,Silica/mica protic IL and BMIM-BF4 rows are explicitly summarized in the export review PDF.
261,310,8,29,2022-an-Atomic force microscopy probing interactions and microstructures of ionic liquids at solid surfaces.pdf,Atomic force microscopy probing interactions and microstructures of ionic liquids at solid surfaces,high,Silica/mica protic IL and BMIM-BF4 rows are explicitly summarized in the export review PDF.
262,311,8,29,2022-an-Atomic force microscopy probing interactions and microstructures of ionic liquids at solid surfaces.pdf,Atomic force microscopy probing interactions and microstructures of ionic liquids at solid surfaces,high,Silica/mica protic IL and BMIM-BF4 rows are explicitly summarized in the export review PDF.
263,312,8,29,2022-an-Atomic force microscopy probing interactions and microstructures of ionic liquids at solid surfaces.pdf,Atomic force microscopy probing interactions and microstructures of ionic liquids at solid surfaces,high,Silica/mica protic IL and BMIM-BF4 rows are explicitly summarized in the export review PDF.
264,313,8,29,2022-an-Atomic force microscopy probing interactions and microstructures of ionic liquids at solid surfaces.pdf,Atomic force microscopy probing interactions and microstructures of ionic liquids at solid surfaces,high,Silica/mica protic IL and BMIM-BF4 rows are explicitly summarized in the export review PDF.
265,314,8,29,2022-an-Atomic force microscopy probing interactions and microstructures of ionic liquids at solid surfaces.pdf,Atomic force microscopy probing interactions and microstructures of ionic liquids at solid surfaces,high,Silica/mica protic IL and BMIM-BF4 rows are explicitly summarized in the export review PDF.
266,315,8,29,2022-an-Atomic force microscopy probing interactions and microstructures of ionic liquids at solid surfaces.pdf,Atomic force microscopy probing interactions and microstructures of ionic liquids at solid surfaces,high,Silica/mica protic IL and BMIM-BF4 rows are explicitly summarized in the export review PDF.
267,316,8,29,2022-an-Atomic force microscopy probing interactions and microstructures of ionic liquids at solid surfaces.pdf,Atomic force microscopy probing interactions and microstructures of ionic liquids at solid surfaces,high,Silica/mica protic IL and BMIM-BF4 rows are explicitly summarized in the export review PDF.
268,317,8,29,2022-an-Atomic force microscopy probing interactions and microstructures of ionic liquids at solid surfaces.pdf,Atomic force microscopy probing interactions and microstructures of ionic liquids at solid surfaces,high,Silica/mica protic IL and BMIM-BF4 rows are explicitly summarized in the export review PDF.
269,318,8,29,2022-an-Atomic force microscopy probing interactions and microstructures of ionic liquids at solid surfaces.pdf,Atomic force microscopy probing interactions and microstructures of ionic liquids at solid surfaces,high,Silica/mica protic IL and BMIM-BF4 rows are explicitly summarized in the export review PDF.
