delete_id,keep_id,reason,candidate_rows_deleted,material,lubricant,cof_value,potential,speed_value,temperature,delete_literature_id,keep_literature_id,delete_source,keep_source,delete_source_figure,keep_source_figure,delete_review_status,keep_review_status,delete_record_origin,keep_record_origin
58,70,duplicate row-import condition,0,stainless steel,"[P6,6,6,14][TFSI]",0.03526,0 V,1,298 K,76,76,Atomic force microscopy probing interactions and microstructures of ionic liquids at solid surfaces,Atomic force microscopy probing interactions and microstructures of ionic liquids at solid surfaces,Row 9,Row 21,pending_review,pending_review,cached_record,cached_record
59,71,duplicate row-import condition,0,stainless steel,"[P6,6,6,14][TFSI]",0.03868,0 V,13,298 K,76,76,Atomic force microscopy probing interactions and microstructures of ionic liquids at solid surfaces,Atomic force microscopy probing interactions and microstructures of ionic liquids at solid surfaces,Row 10,Row 22,pending_review,pending_review,cached_record,cached_record
60,72,duplicate row-import condition,0,stainless steel,"[P6,6,6,14][TFSI]",0.02764,0 V,65,298 K,76,76,Atomic force microscopy probing interactions and microstructures of ionic liquids at solid surfaces,Atomic force microscopy probing interactions and microstructures of ionic liquids at solid surfaces,Row 11,Row 23,pending_review,pending_review,cached_record,cached_record
61,73,duplicate row-import condition,0,stainless steel,"[P6,6,6,14][TFSI]",0.03155,0 V,130,298 K,76,76,Atomic force microscopy probing interactions and microstructures of ionic liquids at solid surfaces,Atomic force microscopy probing interactions and microstructures of ionic liquids at solid surfaces,Row 12,Row 24,pending_review,pending_review,cached_record,cached_record
62,74,duplicate row-import condition,0,stainless steel,"[P6,6,6,14][TFSI]",0.0248,4 V,1,298 K,76,76,Atomic force microscopy probing interactions and microstructures of ionic liquids at solid surfaces,Atomic force microscopy probing interactions and microstructures of ionic liquids at solid surfaces,Row 13,Row 25,pending_review,pending_review,cached_record,cached_record
63,75,duplicate row-import condition,0,stainless steel,"[P6,6,6,14][TFSI]",0.03268,4 V,13,298 K,76,76,Atomic force microscopy probing interactions and microstructures of ionic liquids at solid surfaces,Atomic force microscopy probing interactions and microstructures of ionic liquids at solid surfaces,Row 14,Row 26,pending_review,pending_review,cached_record,cached_record
64,76,duplicate row-import condition,0,stainless steel,"[P6,6,6,14][TFSI]",0.01277,4 V,65,298 K,76,76,Atomic force microscopy probing interactions and microstructures of ionic liquids at solid surfaces,Atomic force microscopy probing interactions and microstructures of ionic liquids at solid surfaces,Row 15,Row 27,pending_review,pending_review,cached_record,cached_record
65,77,duplicate row-import condition,0,stainless steel,"[P6,6,6,14][TFSI]",0.0339,4 V,130,298 K,76,76,Atomic force microscopy probing interactions and microstructures of ionic liquids at solid surfaces,Atomic force microscopy probing interactions and microstructures of ionic liquids at solid surfaces,Row 16,Row 28,pending_review,pending_review,cached_record,cached_record
66,78,duplicate row-import condition,0,stainless steel,"[P6,6,6,14][TFSI]",0.01295,-4 V,1,298 K,76,76,Atomic force microscopy probing interactions and microstructures of ionic liquids at solid surfaces,Atomic force microscopy probing interactions and microstructures of ionic liquids at solid surfaces,Row 17,Row 29,pending_review,pending_review,cached_record,cached_record
67,79,duplicate row-import condition,0,stainless steel,"[P6,6,6,14][TFSI]",0.00102,-4 V,13,298 K,76,76,Atomic force microscopy probing interactions and microstructures of ionic liquids at solid surfaces,Atomic force microscopy probing interactions and microstructures of ionic liquids at solid surfaces,Row 18,Row 30,pending_review,pending_review,cached_record,cached_record
68,80,duplicate row-import condition,0,stainless steel,"[P6,6,6,14][TFSI]",0.00093,-4 V,65,298 K,76,76,Atomic force microscopy probing interactions and microstructures of ionic liquids at solid surfaces,Atomic force microscopy probing interactions and microstructures of ionic liquids at solid surfaces,Row 19,Row 31,pending_review,pending_review,cached_record,cached_record
69,81,duplicate row-import condition,0,stainless steel,"[P6,6,6,14][TFSI]",0.000288,-4 V,130,298 K,76,76,Atomic force microscopy probing interactions and microstructures of ionic liquids at solid surfaces,Atomic force microscopy probing interactions and microstructures of ionic liquids at solid surfaces,Row 20,Row 32,pending_review,pending_review,cached_record,cached_record
101,102,duplicate row-import condition,0,Au(111),"[P6,6,6,14][(iC8)2PO2] / hexadecane",0.46,0 V,6.5,298 K,25,25,Tribotronic control of friction in oil-based lubricants with ionic liquid additives,Tribotronic control of friction in oil-based lubricants with ionic liquid additives,Row 52,Row 53,pending_review,pending_review,,
175,401,row import superseded by grounded record,0,HOPG,"[P6,6,6,14][(iC8)2PO2]",0.013,1 V,6,298 K,18,75,Supporting Information for Potential-Dependent Superlubricity of Ionic Liquids on a Graphite Surface,Fig. 2A,Row 126,Fig. 2a,pending_review,approved,,review_promoted_candidate
176,399,row import superseded by grounded record,0,HOPG,"[P6,6,6,14][(iC8)2PO2]",0.002,0 V,6,298 K,18,75,Supporting Information for Potential-Dependent Superlubricity of Ionic Liquids on a Graphite Surface,Fig. 2A,Row 127,Fig. 2a,pending_review,approved,,review_promoted_candidate
177,400,row import superseded by grounded record,0,HOPG,"[P6,6,6,14][(iC8)2PO2]",0.002,-1 V,6,298 K,18,75,Supporting Information for Potential-Dependent Superlubricity of Ionic Liquids on a Graphite Surface,Fig. 2A,Row 128,Fig. 2a,pending_review,approved,,review_promoted_candidate
178,403,row import superseded by grounded record,0,HOPG,"[P6,6,6,14][BEHP]",0.012,1 V,6,298 K,18,75,Supporting Information for Potential-Dependent Superlubricity of Ionic Liquids on a Graphite Surface,Fig. 2B,Row 129,Fig. 2b,pending_review,approved,,review_promoted_candidate
179,402,row import superseded by grounded record,0,HOPG,"[P6,6,6,14][BEHP]",0.012,0 V,6,298 K,18,75,Supporting Information for Potential-Dependent Superlubricity of Ionic Liquids on a Graphite Surface,Fig. 2B,Row 130,Fig. 2b,pending_review,approved,,review_promoted_candidate
180,404,row import superseded by grounded record,0,HOPG,"[P6,6,6,14][BEHP]",0.002,-1 V,6,298 K,18,75,Supporting Information for Potential-Dependent Superlubricity of Ionic Liquids on a Graphite Surface,Fig. 2B,Row 131,Fig. 2b,pending_review,approved,,review_promoted_candidate
181,407,row import superseded by grounded record,0,HOPG,"[P6,6,6,14][TFSI]",0.004,1 V,6,298 K,18,75,Supporting Information for Potential-Dependent Superlubricity of Ionic Liquids on a Graphite Surface,Fig. 2C,Row 132,Fig. 2c,pending_review,approved,,review_promoted_candidate
182,405,row import superseded by grounded record,0,HOPG,"[P6,6,6,14][TFSI]",0.014,0 V,6,298 K,18,75,Supporting Information for Potential-Dependent Superlubricity of Ionic Liquids on a Graphite Surface,Fig. 2C,Row 133,Fig. 2c,pending_review,approved,,review_promoted_candidate
183,406,row import superseded by grounded record,0,HOPG,"[P6,6,6,14][TFSI]",0.006,-1 V,6,298 K,18,75,Supporting Information for Potential-Dependent Superlubricity of Ionic Liquids on a Graphite Surface,Fig. 2C,Row 134,Fig. 2c,pending_review,approved,,review_promoted_candidate
184,409,row import superseded by grounded record,0,HOPG,"[P4,4,4,1][TFSI]",0.018,1 V,6,298 K,18,75,Supporting Information for Potential-Dependent Superlubricity of Ionic Liquids on a Graphite Surface,Fig. 2D,Row 135,Fig. 2d,pending_review,approved,,review_promoted_candidate
185,408,row import superseded by grounded record,0,HOPG,"[P4,4,4,1][TFSI]",0.018,0 V,6,298 K,18,75,Supporting Information for Potential-Dependent Superlubricity of Ionic Liquids on a Graphite Surface,Fig. 2D,Row 136,Fig. 2d,pending_review,approved,,review_promoted_candidate
186,410,row import superseded by grounded record,0,HOPG,"[P4,4,4,1][TFSI]",0.018,-1 V,6,298 K,18,75,Supporting Information for Potential-Dependent Superlubricity of Ionic Liquids on a Graphite Surface,Fig. 2D,Row 137,Fig. 2d,pending_review,approved,,review_promoted_candidate
187,333,row import superseded by grounded record,0,Au(111),[Pyr14][FAP],0.19,-2 V,6,298 K,19,67,Supporting Information for Control of Nanoscale Friction on Gold in an Ionic Liquid by a Potential-Dependent Ionic Lubricant Layer,Fig. 2,Row 138,Fig. 2,pending_review,approved,cached_record,review_promoted_candidate
188,334,row import superseded by grounded record,0,Au(111),[Pyr14][FAP],0.2,-1 V,6,298 K,19,67,Supporting Information for Control of Nanoscale Friction on Gold in an Ionic Liquid by a Potential-Dependent Ionic Lubricant Layer,Fig. 2,Row 139,Fig. 2,pending_review,approved,cached_record,review_promoted_candidate
189,335,row import superseded by grounded record,0,Au(111),[Pyr14][FAP],0.28,-0.16 V,6,298 K,19,67,Supporting Information for Control of Nanoscale Friction on Gold in an Ionic Liquid by a Potential-Dependent Ionic Lubricant Layer,Fig. 2,Row 140,Fig. 2,pending_review,approved,cached_record,review_promoted_candidate
190,336,row import superseded by grounded record,0,Au(111),[Pyr14][FAP],0.45,1 V,6,298 K,19,67,Supporting Information for Control of Nanoscale Friction on Gold in an Ionic Liquid by a Potential-Dependent Ionic Lubricant Layer,Fig. 2,Row 141,Fig. 2,pending_review,approved,cached_record,review_promoted_candidate
191,337,row import superseded by grounded record,0,Au(111),[Pyr14][FAP],0.59,1.5 V,6,298 K,19,67,Supporting Information for Control of Nanoscale Friction on Gold in an Ionic Liquid by a Potential-Dependent Ionic Lubricant Layer,Fig. 2,Row 142,Fig. 2,pending_review,approved,cached_record,review_promoted_candidate
201,204,duplicate row-import condition,0,Au(111),[BMIM][TFSI],0.634,0 V,6,298 K,76,76,Atomic force microscopy probing interactions and microstructures of ionic liquids at solid surfaces,Atomic force microscopy probing interactions and microstructures of ionic liquids at solid surfaces,Row 152,Row 155,pending_review,pending_review,cached_record,cached_record
202,205,duplicate row-import condition,0,Au(111),[BMIM][TFSI],0.184,1 V,6,298 K,76,76,Atomic force microscopy probing interactions and microstructures of ionic liquids at solid surfaces,Atomic force microscopy probing interactions and microstructures of ionic liquids at solid surfaces,Row 153,Row 156,pending_review,pending_review,cached_record,cached_record
203,206,duplicate row-import condition,0,Au(111),[BMIM][TFSI],0.911,-1 V,6,298 K,76,76,Atomic force microscopy probing interactions and microstructures of ionic liquids at solid surfaces,Atomic force microscopy probing interactions and microstructures of ionic liquids at solid surfaces,Row 154,Row 157,pending_review,pending_review,cached_record,cached_record
259,260,duplicate row-import condition,0,silica,"[P6,6,6,14][(iC8)2PO2] / hexadecane",0.4,0 V,6,298 K,23,23,Addition of low concentrations of an ionic liquid to a base oil reduces friction over multiple length scales: a combined nano- and macrotribology investigation,Addition of low concentrations of an ionic liquid to a base oil reduces friction over multiple length scales: a combined nano- and macrotribology investigation,Row 210,Row 211,pending_review,pending_review,,
319,333,same source and same experimental condition,1,Au(111),[Pyr14][FAP],0.19,-2 V,6 μm/s,298.15 K,67,67,Fig. 2,Fig. 2,Fig. 2,Fig. 2,approved,approved,review_promoted_candidate,review_promoted_candidate
320,334,same source and same experimental condition,1,Au(111),[Pyr14][FAP],0.2,-1 V,6 μm/s,298.15 K,67,67,Fig. 2,Fig. 2,Fig. 2,Fig. 2,approved,approved,review_promoted_candidate,review_promoted_candidate
321,336,same source and same experimental condition,1,Au(111),[Pyr14][FAP],0.45,+1 V,6 μm/s,298.15 K,67,67,Fig. 2,Fig. 2,Fig. 2,Fig. 2,approved,approved,review_promoted_candidate,review_promoted_candidate
322,335,same source and same experimental condition,1,Au(111),[Pyr14][FAP],0.28,-0.16 V (OCP),6 μm/s,298.15 K,67,67,Fig. 2,Fig. 2,Fig. 2,Fig. 2,approved,approved,review_promoted_candidate,review_promoted_candidate
323,337,same source and same experimental condition,1,Au(111),[Pyr14][FAP],0.59,+1.5 V,6 μm/s,298.15 K,67,67,Fig. 2,Fig. 2,Fig. 2,Fig. 2,approved,approved,review_promoted_candidate,review_promoted_candidate
325,327,same source and same experimental condition,1,Mica,[EMIM][EtSO4],0.009,,,298.6 K (25.5 ± 0.3 °C),61,61,Fig. 4A,Fig. 4A,Fig. 4A,Fig. 4A,approved,approved,review_promoted_candidate,review_promoted_candidate
326,328,same source and same experimental condition,1,Mica,[EMIM][EtSO4],0.12,,,298.6 K (25.5 ± 0.3 °C),61,61,Fig. 4A,Fig. 4A,Fig. 4A,Fig. 4A,approved,approved,review_promoted_candidate,review_promoted_candidate
354,356,same source and same experimental condition,1,Mica,[BMIM][BF4],0.08,,20 μm/s,298 K,2,2,Fig. 2a,Fig. 2a,Fig. 2a,Fig. 2a,approved,approved,review_promoted_candidate,review_promoted_candidate
411,427,same source and same experimental condition,0,Mica,[BMIM][PF6],0.23,,,298.15 K,78,78,Table 1,Table 1,Table 1,Table 1,approved,approved,llm_extraction,review_promoted_candidate
412,428,same source and same experimental condition,0,Mica,[BMIM][BF4],0.4,,,298.15 K,78,78,Table 1,Table 1,Table 1,Table 1,approved,approved,llm_extraction,review_promoted_candidate
413,429,same source and same experimental condition,0,Mica,[BMIM][PF6],0.32,,,298.15 K,78,78,Table 1,Table 1,Table 1,Table 1,approved,approved,llm_extraction,review_promoted_candidate
414,430,same source and same experimental condition,0,Mica,[BMIM][BF4],0.53,,,298.15 K,78,78,Table 1,Table 1,Table 1,Table 1,approved,approved,llm_extraction,review_promoted_candidate
415,431,same source and same experimental condition,0,HOPG,[BMIM][PF6],0.064,,,298.15 K,78,78,Table 1,Table 1,Table 1,Table 1,approved,approved,llm_extraction,review_promoted_candidate
416,432,same source and same experimental condition,0,HOPG,[BMIM][BF4],0.01,,,298.15 K,78,78,Table 1,Table 1,Table 1,Table 1,approved,approved,llm_extraction,review_promoted_candidate
